weekday,activities,mood
Friday,writing|fasting|Documentary|coding/cooking/tutorial|new things|meditation|Art|power nap|good meal|walk|reddit|cleaning|reading|prayer|learning|shower|travel|penpal|Watching series,Good
Thursday,writing|fasting|Documentary|coding/cooking/tutorial|new things|meditation|Art|Audio books|power nap|good meal|walk|reddit|cleaning|shave|reading|prayer|research|learning|shower|repair|penpal|Watching series,Good
Wednesday,writing|fasting|designing|coding/cooking/tutorial|Documentary|podcast|new things|meditation|Audio books|good meal|walk|reddit|reading|prayer|research|learning|shower|repair|penpal|Watching series,Normal
Monday,shower|reddit|writing|cleaning|fasting|power nap|coding/cooking/tutorial|good meal|Documentary|penpal|reading|walk|research|new things|learning|meditation|Watching series,Awful
Sunday,shower|reddit|writing|cleaning|fasting|Audio books|coding/cooking/tutorial|good meal|power nap|Documentary|penpal|reading|walk|prayer|research|new things|learning|meditation,Normal
Saturday,shower|reddit|writing|power nap|coding/cooking/tutorial|good meal|travel|penpal|reading|walk|prayer|research|new things|learning|meditation|Watching series,Good
Friday,writing|fasting|Documentary|coding/cooking/tutorial|News Update|new things|meditation|power nap|good meal|walk|reddit|reading|prayer|learning|Email|shower|travel|penpal|Watching series,Good
Thursday,shower|reddit|Art|writing|cleaning|power nap|coding/cooking/tutorial|good meal|Documentary|penpal|reading|research|new things|learning|meditation|Watching series,Amazing
Tuesday,shower|reddit|writing|cleaning|Poetry|fasting|Audio books|coding/cooking/tutorial|good meal|designing|penpal|reading|walk|prayer|new things|learning|meditation|Watching series,Good
Monday,writing|fasting|Documentary|coding/cooking/tutorial|News Update|new things|meditation|Audio books|power nap|good meal|walk|reddit|reading|prayer|research|learning|shower|penpal|diet|Watching series,Good
Saturday,writing|fasting|Documentary|coding/cooking/tutorial|new things|meditation|Audio books|power nap|good meal|walk|reddit|reading|prayer|research|learning|shower|travel|penpal|Watching series,Good
Friday,writing|fasting|designing|coding/cooking/tutorial|Documentary|new things|meditation|Art|Audio books|power nap|good meal|walk|reddit|cleaning|Poetry|reading|prayer|research|learning|shower|travel|penpal|Watching series,Amazing
Thursday,reddit|Art|writing|cleaning|fasting|power nap|coding/cooking/tutorial|Documentary|penpal|reading|walk|prayer|research|new things|learning|meditation|Watching series,Good
Wednesday,writing|fasting|designing|coding/cooking/tutorial|Documentary|new things|meditation|Art|Audio books|good meal|walk|reddit|Poetry|reading|prayer|research|learning|shower|penpal|songs|Watching series,Good
Monday,writing|fasting|Documentary|coding/cooking/tutorial|podcast|new things|meditation|Audio books|power nap|walk|reddit|reading|prayer|learning|shower|travel|penpal|songs|Watching series,Good
Sunday,writing|fasting|Documentary|coding/cooking/tutorial|News Update|new things|meditation|Audio books|power nap|write diary|good meal|walk|reddit|cleaning|reading|prayer|research|learning|shower|penpal|jobs|Watching series,Good
Saturday,reddit|Art|writing|cleaning|fasting|power nap|coding/cooking/tutorial|good meal|Documentary|penpal|reading|walk|songs|research|new things|learning|meditation|Watching series,Good
Friday,writing|fasting|Documentary|coding/cooking/tutorial|new things|meditation|Art|Audio books|power nap|good meal|walk|reddit|cleaning|reading|prayer|research|learning|shower|repair|penpal|Watching series,Amazing
Thursday,writing|fasting|Documentary|coding/cooking/tutorial|podcast|new things|meditation|Art|Audio books|power nap|good meal|walk|reddit|cleaning|shave|reading|prayer|research|learning|shower|penpal|songs|Watching series,Normal
Wednesday,writing|fasting|Documentary|coding/cooking/tutorial|podcast|new things|meditation|Art|Audio books|power nap|good meal|walk|reading|prayer|research|learning|shower|travel|penpal|Watching series,Good
Tuesday,writing|fasting|Documentary|coding/cooking/tutorial|new things|meditation|Art|power nap|good meal|walk|reddit|cleaning|reading|prayer|research|learning|shower|penpal|Watching series,Good
Monday,shower|reddit|writing|power nap|coding/cooking/tutorial|good meal|Documentary|penpal|reading|walk|research|new things|learning|meditation|movies|Watching series,Good
Saturday,shower|reddit|writing|fasting|power nap|coding/cooking/tutorial|good meal|Documentary|travel|penpal|shave|reading|walk|prayer|songs|learning|meditation|Watching series,Good
Wednesday,writing|fasting|Documentary|coding/cooking/tutorial|News Update|new things|meditation|Audio books|power nap|walk|reddit|reading|prayer|research|learning|shower|Exercise|penpal|Watching series,Good
Tuesday,writing|Documentary|coding/cooking/tutorial|News Update|new things|meditation|Art|power nap|good meal|walk|reddit|shave|reading|prayer|research|learning|shower|penpal|Watching series,Normal
Monday,shower|writing|fasting|Audio books|coding/cooking/tutorial|good meal|Documentary|penpal|shave|reading|walk|prayer|songs|new things|learning|meditation|Watching series,Good
Sunday,reddit|writing|fasting|Audio books|coding/cooking/tutorial|good meal|power nap|Documentary|penpal|reading|walk|prayer|podcast|research|new things|learning|meditation|Watching series,Good
Saturday,shower|reddit|writing|fasting|Audio books|coding/cooking/tutorial|write diary|power nap|Documentary|penpal|reading|walk|prayer|research|News Update|learning|meditation|Watching series,Good
Friday,writing|fasting|Documentary|coding/cooking/tutorial|podcast|new things|meditation|Audio books|power nap|good meal|walk|reddit|cleaning|reading|prayer|research|learning|penpal|songs|Watching series,Good
Thursday,writing|fasting|Documentary|coding/cooking/tutorial|new things|meditation|Art|Audio books|good meal|walk|reddit|reading|prayer|research|learning|Email|shower|penpal|Watching series,Amazing
Wednesday,reddit|Art|writing|cleaning|Audio books|coding/cooking/tutorial|good meal|power nap|Documentary|penpal|reading|walk|prayer|research|new things|learning|meditation|Watching series,Good
Tuesday,shower|writing|cleaning|fasting|Audio books|coding/cooking/tutorial|good meal|power nap|penpal|shave|walk|prayer|new things|learning|meditation|Watching series,Good
Monday,shower|reddit|writing|cleaning|fasting|Audio books|coding/cooking/tutorial|good meal|power nap|Documentary|penpal|walk|prayer|research|learning|meditation|Watching series,Normal
Sunday,writing|fasting|designing|coding/cooking/tutorial|Documentary|podcast|new things|meditation|Art|Audio books|power nap|good meal|walk|reddit|cleaning|prayer|research|learning|shower|penpal|songs|Watching series,Good
Saturday,writing|fasting|Documentary|coding/cooking/tutorial|new things|meditation|Art|Audio books|power nap|good meal|walk|reddit|cleaning|reading|prayer|research|learning|shower|love|Watching series,Good
Friday,Email|shower|reddit|Audio books|coding/cooking/tutorial|good meal|power nap|Documentary|walk|prayer|meditation,Normal
Thursday,shower|reddit|Art|writing|cleaning|fasting|Audio books|coding/cooking/tutorial|good meal|power nap|Documentary|walk|prayer|research|learning|meditation|Watching series,Good
Wednesday,shower|reddit|Art|writing|fasting|Audio books|coding/cooking/tutorial|good meal|power nap|Documentary|reading|love|prayer|research|new things|learning|meditation|Watching series,Good
Monday,reddit|writing|fasting|Audio books|coding/cooking/tutorial|good meal|power nap|Documentary|reading|research|News Update|learning|meditation|Watching series,Awful
Sunday,writing|fasting|Documentary|coding/cooking/tutorial|podcast|News Update|new things|meditation|Art|Audio books|power nap|good meal|walk|reddit|cleaning|reading|research|learning|love|Watching series,Good
Saturday,writing|fasting|coding/cooking/tutorial|new things|meditation|Audio books|good meal|walk|Recording|reddit|Poetry|reading|prayer|research|learning|shower|repair|penpal|songs|Watching series,Good
Friday,writing|fasting|Documentary|coding/cooking/tutorial|new things|meditation|Audio books|power nap|good meal|walk|reddit|cleaning|Poetry|reading|prayer|research|learning|yoga|repair|penpal|songs|love|Watching series,Good
Thursday,writing|fasting|designing|coding/cooking/tutorial|Documentary|podcast|new things|meditation|Art|Audio books|power nap|good meal|cleaning|reading|prayer|research|learning|yoga|shower|penpal|songs|Watching series,Good
Wednesday,writing|fasting|Documentary|coding/cooking/tutorial|new things|meditation|Audio books|power nap|good meal|Recording|reddit|cleaning|reading|prayer|research|learning|shower|repair|Exercise|penpal|songs|love|Watching series,Good
Tuesday,writing|fasting|Documentary|coding/cooking/tutorial|podcast|new things|meditation|Audio books|power nap|good meal|walk|reddit|cleaning|reading|research|learning|penpal|songs|Watching series,Normal
Monday,shower|writing|cleaning|fasting|Audio books|coding/cooking/tutorial|good meal|power nap|Documentary|penpal|reading|walk|podcast|research|learning|new things|Watching series,Good
Sunday,writing|fasting|designing|coding/cooking/tutorial|Documentary|podcast|new things|Audio books|power nap|good meal|walk|reddit|cleaning|reading|research|learning|yoga|shower|repair|penpal|songs|Watching series,Good
Saturday,writing|fasting|designing|coding/cooking/tutorial|Documentary|new things|meditation|Audio books|power nap|good meal|walk|reddit|reading|prayer|research|learning|shower|penpal|Watching series,Normal
Friday,shower|reddit|writing|cleaning|fasting|Audio books|coding/cooking/tutorial|good meal|power nap|Documentary|penpal|reading|walk|prayer|research|learning|new things|Watching series,Amazing
Thursday,writing|fasting|Documentary|coding/cooking/tutorial|News Update|new things|meditation|Art|Audio books|power nap|good meal|reddit|cleaning|prayer|research|learning|shower|penpal|Watching series,Normal
Wednesday,shower|cleaning|fasting|Audio books|coding/cooking/tutorial|good meal|power nap|Documentary|penpal|reading|research|learning|new things|Watching series,Amazing
Tuesday,reddit|cleaning|power nap|coding/cooking/tutorial|Documentary|reading|walk|research|new things|learning|meditation,Normal
Saturday,writing|fasting|Documentary|coding/cooking/tutorial|new things|meditation|family|Audio books|walk|reddit|cleaning|reading|prayer|research|learning|shower|penpal|songs|love|Watching series,Good
Friday,Email|shower|reddit|cleaning|fasting|Audio books|coding/cooking/tutorial|power nap|Documentary|penpal|reading|walk|prayer|research|learning|meditation|Watching series,Bad
Wednesday,shower|reddit|writing|cleaning|fasting|power nap|Exercise|good meal|coding/cooking/tutorial|Documentary|penpal|reading|research|learning|Watching series,Good
Tuesday,reddit|writing|cleaning|fasting|Audio books|coding/cooking/tutorial|power nap|Documentary|penpal|reading|walk|research|News Update|new things|learning|meditation,Good
Monday,shower|reddit|writing|cleaning|fasting|Audio books|Exercise|good meal|coding/cooking/tutorial|power nap|Documentary|penpal|reading|love|research|learning|new things|Watching series,Good
Sunday,writing|fasting|Documentary|coding/cooking/tutorial|new things|movies|Audio books|power nap|good meal|walk|reddit|cleaning|reading|research|learning|shower|repair|penpal|songs|Watching series,Good
Saturday,reddit|writing|cleaning|fasting|Audio books|coding/cooking/tutorial|good meal|power nap|Documentary|penpal|reading|walk|love|research|learning|Watching series,Good
Friday,writing|fasting|Documentary|coding/cooking/tutorial|new things|meditation|holotropic|Audio books|power nap|good meal|walk|reddit|reading|prayer|research|learning|shower|repair|penpal|songs|Watching series,Good
Thursday,shower|writing|cleaning|fasting|power nap|coding/cooking/tutorial|Documentary|penpal|reading|walk|love|research|News Update|new things|learning|meditation|movies|Watching series,Good
Wednesday,writing|fasting|designing|coding/cooking/tutorial|Documentary|News Update|new things|meditation|movies|Audio books|power nap|good meal|walk|Recording|reddit|reading|research|learning|penpal|songs|love|Watching series,Good
Tuesday,writing|fasting|Documentary|coding/cooking/tutorial|News Update|new things|meditation|movies|Audio books|power nap|good meal|walk|reddit|cleaning|reading|research|learning|shower|travel|penpal|songs|love|Watching series,Amazing
Monday,writing|fasting|Documentary|coding/cooking/tutorial|new things|meditation|movies|holotropic|Audio books|power nap|good meal|walk|reddit|cleaning|Poetry|reading|prayer|research|learning|shower|Exercise|travel|penpal|Watching series,Amazing
Sunday,writing|cleaning|Poetry|fasting|Audio books|coding/cooking/tutorial|power nap|Documentary|penpal|shave|reading|research|new things|learning|yoga|movies|Watching series,Normal
Saturday,writing|fasting|Documentary|coding/cooking/tutorial|News Update|new things|meditation|movies|Audio books|power nap|walk|reddit|cleaning|reading|prayer|research|learning|Email|shower|penpal|Watching series,Good
Thursday,reddit|writing|cleaning|fasting|Audio books|coding/cooking/tutorial|good meal|power nap|Documentary|penpal|reading|research|News Update|learning|new things|movies|Watching series,Good
Wednesday,reddit|cleaning|fasting|Audio books|coding/cooking/tutorial|power nap|Documentary|penpal|reading|love|research|new things|learning|meditation|movies|Watching series,Good
Tuesday,writing|fasting|Documentary|coding/cooking/tutorial|new things|meditation|movies|holotropic|Audio books|power nap|good meal|walk|reddit|reading|prayer|research|learning|shower|penpal|Watching series,Amazing
Monday,writing|fasting|Documentary|coding/cooking/tutorial|News Update|new things|Audio books|power nap|good meal|walk|reddit|cleaning|shave|reading|research|learning|shower|penpal|love|Watching series,Amazing
Sunday,shower|reddit|writing|cleaning|fasting|Audio books|coding/cooking/tutorial|write diary|power nap|Documentary|penpal|love|walk|research|new things|learning|meditation|Watching series,Good
Saturday,reddit|writing|cleaning|fasting|Audio books|coding/cooking/tutorial|power nap|Documentary|penpal|reading|walk|prayer|research|learning|new things|Watching series,Good
Friday,reddit|writing|cleaning|fasting|Audio books|coding/cooking/tutorial|good meal|power nap|Documentary|penpal|reading|walk|prayer|research|learning|new things|Watching series,Awful
Thursday,shower|reddit|writing|cleaning|fasting|power nap|coding/cooking/tutorial|Documentary|penpal|reading|walk|research|new things|learning|meditation|Watching series,Good
Wednesday,shower|writing|cleaning|fasting|Audio books|coding/cooking/tutorial|good meal|power nap|designing|Documentary|penpal|reading|walk|songs|learning|new things,Good
Tuesday,writing|fasting|Documentary|coding/cooking/tutorial|News Update|new things|meditation|Audio books|power nap|good meal|walk|reddit|cleaning|reading|research|learning|shower|penpal|Watching series,Normal
Monday,shower|writing|cleaning|fasting|Audio books|coding/cooking/tutorial|good meal|power nap|gaming|Documentary|penpal|reading|podcast|prayer|research|meditation|movies,Good
Sunday,shower|reddit|family|Art|writing|cleaning|fasting|Audio books|power nap|coding/cooking/tutorial|love|research|learning|meditation|Watching series,Good
Saturday,writing|fasting|Documentary|coding/cooking/tutorial|News Update|new things|meditation|Audio books|power nap|good meal|reddit|reading|prayer|research|learning|shower|travel|penpal|Watching series,Good
Friday,shower|reddit|writing|cleaning|fasting|Audio books|coding/cooking/tutorial|power nap|Documentary|gaming|penpal|reading|prayer|research|News Update|learning|meditation|Watching series,Amazing
Wednesday,shower|reddit|writing|Audio books|coding/cooking/tutorial|good meal|power nap|repair|Documentary|penpal|reading|prayer|research|new things|learning|meditation|Watching series,Normal
Tuesday,Documentary|coding/cooking/tutorial|learning|walk|research|new things,Amazing
Monday,writing|fasting|Documentary|coding/cooking/tutorial|News Update|meditation|family|Audio books|power nap|good meal|reddit|cleaning|reading|research|learning|yoga|shower|repair|penpal|love|Watching series,Amazing
Saturday,writing|fasting|Documentary|coding/cooking/tutorial|News Update|new things|meditation|movies|Art|Audio books|power nap|good meal|reddit|cleaning|reading|research|learning|shower|penpal|love|Watching series,Good
Friday,writing|fasting|designing|coding/cooking/tutorial|Documentary|podcast|News Update|new things|meditation|movies|holotropic|family|Audio books|power nap|good meal|walk|reddit|cleaning|reading|prayer|research|learning|yoga|shower|repair|travel|penpal|songs|Watching series,Amazing
Thursday,writing|fasting|Documentary|coding/cooking/tutorial|News Update|new things|meditation|Audio books|power nap|good meal|walk|reddit|cleaning|reading|prayer|research|learning|shower|songs|Watching series,Amazing
Wednesday,writing|fasting|Documentary|coding/cooking/tutorial|News Update|new things|meditation|Art|Audio books|power nap|good meal|walk|reddit|cleaning|reading|research|learning|shower|repair|penpal|love|Watching series,Good
Tuesday,writing|fasting|Documentary|coding/cooking/tutorial|new things|movies|Art|Audio books|power nap|good meal|walk|reddit|cleaning|reading|research|learning|shower|penpal|songs,Normal
Monday,shower|reddit|writing|cleaning|fasting|Audio books|coding/cooking/tutorial|penpal|reading|love|prayer|research|News Update|new things|learning|meditation|Watching series,Amazing
Sunday,shower|reddit|family|writing|Poetry|fasting|Audio books|coding/cooking/tutorial|good meal|Documentary|penpal|reading|prayer|research|new things|learning|meditation|Watching series,Amazing
Saturday,writing|fasting|Documentary|coding/cooking/tutorial|News Update|new things|movies|Audio books|power nap|good meal|walk|reddit|reading|prayer|research|learning|shower|penpal|Watching series,Good
Friday,writing|fasting|coding/cooking/tutorial|News Update|meditation|movies|Art|Audio books|power nap|good meal|walk|reddit|cleaning|reading|prayer|research|learning|shower|repair|penpal|songs|Watching series,Good
Thursday,writing|fasting|Documentary|coding/cooking/tutorial|News Update|new things|meditation|Art|Audio books|power nap|good meal|reddit|cleaning|reading|prayer|research|learning|shower|repair|penpal|Watching series,Amazing
Wednesday,Recording|reddit|writing|cleaning|fasting|Audio books|coding/cooking/tutorial|good meal|power nap|Documentary|penpal|reading|research|learning|Watching series,Normal
Monday,shower|writing|fasting|Audio books|coding/cooking/tutorial|power nap|Documentary|travel|penpal|reading|research|learning|new things|Watching series,Good
Sunday,writing|fasting|Documentary|coding/cooking/tutorial|News Update|new things|Audio books|power nap|good meal|walk|reddit|cleaning|reading|prayer|research|learning|shower|penpal|songs|Watching series,Good
Saturday,reddit|writing|cleaning|Audio books|coding/cooking/tutorial|good meal|power nap|designing|repair|penpal|reading|walk|research|learning|Watching series,Normal
Friday,shower|reddit|writing|cleaning|fasting|Audio books|coding/cooking/tutorial|good meal|power nap|travel|penpal|reading|prayer|News Update|learning|new things|Watching series,Good
Thursday,writing|fasting|Documentary|coding/cooking/tutorial|podcast|News Update|new things|Art|Audio books|power nap|good meal|walk|reddit|reading|research|learning|shower|penpal|songs|love|Watching series,Good
Wednesday,writing|Documentary|coding/cooking/tutorial|podcast|new things|meditation|Audio books|power nap|good meal|gaming|reddit|cleaning|reading|prayer|research|learning|shower|repair|penpal|love|Watching series,Good
Tuesday,shower|reddit|Art|writing|fasting|Audio books|coding/cooking/tutorial|good meal|power nap|travel|Documentary|penpal|reading|love|research|learning|Watching series,Good
Monday,shower|reddit|writing|cleaning|Audio books|coding/cooking/tutorial|good meal|power nap|Documentary|penpal|reading|research|News Update|learning|new things|Watching series,Good
Sunday,shower|reddit|Art|writing|fasting|power nap|coding/cooking/tutorial|write diary|Documentary|penpal|reading|walk|prayer|songs|research|learning|new things,Good
Saturday,party|reddit|writing|cleaning|fasting|Audio books|coding/cooking/tutorial|good meal|power nap|penpal|reading|love|research|learning|new things|Watching series,Good
Friday,shower|reddit|writing|fasting|Audio books|coding/cooking/tutorial|good meal|power nap|travel|Documentary|penpal|reading|prayer|research|News Update|learning|new things|Watching series,Awful
Thursday,writing|fasting|designing|coding/cooking/tutorial|Documentary|podcast|new things|Art|Audio books|power nap|good meal|reddit|reading|research|learning|shower|travel|penpal|Watching series,Awful
Wednesday,shower|reddit|writing|cleaning|fasting|Audio books|coding/cooking/tutorial|good meal|power nap|repair|penpal|reading|love|prayer|research|learning|new things|Watching series,Good
Tuesday,reddit|writing|cleaning|fasting|Audio books|coding/cooking/tutorial|good meal|power nap|penpal|reading|walk|prayer|love|research|News Update|learning|Watching series,Good
Monday,reddit|writing|cleaning|fasting|Audio books|coding/cooking/tutorial|good meal|power nap|Documentary|penpal|reading|walk|love|research|learning|new things|Watching series,Good
Saturday,shower|reddit|Art|writing|Audio books|coding/cooking/tutorial|good meal|power nap|gaming|penpal|songs|walk|research|News Update|learning|new things|Watching series,Bad
Friday,writing|cleaning|Audio books|coding/cooking/tutorial|penpal|love|walk|research|learning|new things|Watching series,Awful
Thursday,writing|fasting|Documentary|coding/cooking/tutorial|News Update|new things|movies|Art|Audio books|power nap|walk|reddit|reading|prayer|research|learning|shower|penpal|love|Watching series,Good
Wednesday,shower|reddit|Art|fasting|power nap|coding/cooking/tutorial|Documentary|penpal|reading|walk|research|News Update|learning|new things|Watching series,Good
Tuesday,reddit|writing|fasting|Audio books|coding/cooking/tutorial|good meal|travel|penpal|reading|walk|prayer|research|learning|new things|Watching series,Bad
Monday,writing|fasting|Documentary|coding/cooking/tutorial|podcast|News Update|new things|Art|Audio books|power nap|good meal|walk|reddit|cleaning|reading|research|learning|shower|penpal|love|Watching series,Good
Sunday,writing|fasting|Documentary|coding/cooking/tutorial|News Update|new things|meditation|Audio books|power nap|good meal|walk|reddit|reading|prayer|learning|shower|penpal|songs|love|Watching series,Bad
Saturday,writing|fasting|Documentary|coding/cooking/tutorial|podcast|News Update|new things|Audio books|power nap|good meal|gaming|walk|Recording|reddit|reading|prayer|research|learning|shower|repair|penpal|songs|love|Watching series,Good
Friday,writing|fasting|coding/cooking/tutorial|News Update|new things|meditation|Art|Audio books|power nap|good meal|walk|reddit|reading|prayer|learning|shower|travel|penpal|songs|love|Watching series,Good
Thursday,writing|fasting|Documentary|coding/cooking/tutorial|News Update|new things|meditation|Audio books|power nap|good meal|walk|Recording|reddit|reading|prayer|research|learning|shower|penpal|songs|love|Watching series,Good
Wednesday,writing|fasting|Documentary|coding/cooking/tutorial|News Update|new things|meditation|Art|Audio books|power nap|good meal|walk|reddit|cleaning|reading|prayer|research|learning|shower|penpal|love|Watching series,Normal
Tuesday,writing|fasting|Documentary|coding/cooking/tutorial|podcast|new things|meditation|Audio books|power nap|good meal|walk|reddit|cleaning|reading|prayer|research|learning|shower|penpal|love|Watching series,Good
Monday,writing|fasting|Documentary|coding/cooking/tutorial|new things|Art|Audio books|power nap|good meal|reddit|cleaning|reading|prayer|research|learning|shower|penpal|love|Watching series,Good
Sunday,writing|fasting|Documentary|coding/cooking/tutorial|podcast|News Update|new things|movies|Audio books|power nap|good meal|reddit|reading|research|learning|shower|penpal|songs|Watching series,Normal
Saturday,writing|fasting|coding/cooking/tutorial|News Update|meditation|Audio books|power nap|good meal|walk|reddit|cleaning|reading|prayer|research|shower|penpal|songs|love|Watching series,Good
Friday,shower|reddit|writing|fasting|Audio books|coding/cooking/tutorial|power nap|penpal|songs|love|prayer|research|learning|new things|Watching series,Normal
Thursday,shower|reddit|writing|fasting|power nap|coding/cooking/tutorial|designing|Documentary|penpal|reading|songs|prayer|love|new things|learning|meditation,Good
Wednesday,reddit|Art|writing|fasting|Audio books|coding/cooking/tutorial|good meal|power nap|repair|Documentary|penpal|reading|love|research|new things|learning|yoga,Good
Tuesday,shower|reddit|writing|fasting|Audio books|coding/cooking/tutorial|good meal|power nap|Documentary|penpal|love|prayer|research|News Update|learning|new things|Watching series,Good
Monday,Recording|shower|Art|writing|cleaning|fasting|Audio books|coding/cooking/tutorial|good meal|power nap|penpal|songs|love|research|learning|new things|Watching series,Good
Sunday,writing|fasting|designing|coding/cooking/tutorial|Documentary|News Update|new things|Audio books|power nap|walk|reddit|reading|learning|repair|travel|penpal|love|jobs|Watching series,Good
Saturday,shower|reddit|Art|writing|fasting|Audio books|coding/cooking/tutorial|power nap|Documentary|penpal|research|learning|new things|Watching series,Good
Friday,writing|fasting|designing|coding/cooking/tutorial|Documentary|podcast|new things|Art|Audio books|power nap|write diary|good meal|gaming|walk|reddit|cleaning|Poetry|prayer|research|learning|yoga|shower|penpal|songs|Watching series,Good
Thursday,writing|fasting|designing|coding/cooking/tutorial|Documentary|podcast|News Update|new things|Art|Audio books|power nap|good meal|walk|reddit|cleaning|reading|prayer|research|learning|shower|penpal|songs|Watching series,Amazing
Wednesday,writing|fasting|Documentary|coding/cooking/tutorial|News Update|new things|meditation|Audio books|power nap|good meal|reddit|cleaning|prayer|research|learning|shower|penpal|love|Watching series,Amazing
Wednesday,writing|fasting|designing|coding/cooking/tutorial|Documentary|News Update|new things|meditation|Audio books|power nap|good meal|walk|reddit|cleaning|prayer|learning|shower|penpal|songs|love|Watching series,Good
Tuesday,writing|designing|coding/cooking/tutorial|Documentary|News Update|new things|meditation|Audio books|power nap|walk|Recording|reddit|cleaning|reading|research|learning|shower|repair|penpal|love|Watching series,Good
Monday,fasting|designing|coding/cooking/tutorial|Documentary|podcast|News Update|new things|meditation|Art|Audio books|power nap|good meal|walk|Recording|reddit|cleaning|prayer|research|learning|shower|repair|penpal|love|Watching series,Good
Sunday,writing|fasting|Documentary|coding/cooking/tutorial|News Update|new things|Art|Audio books|power nap|good meal|reddit|cleaning|research|learning|Email|shower|repair|penpal|songs|love|Watching series,Good
Saturday,writing|fasting|designing|coding/cooking/tutorial|News Update|new things|Art|Audio books|power nap|good meal|walk|Recording|reddit|cleaning|learning|shower|repair|penpal|songs|love|Watching series,Good
Friday,writing|fasting|designing|coding/cooking/tutorial|Documentary|new things|holotropic|Art|Audio books|power nap|walk|Recording|reddit|cleaning|Poetry|prayer|research|learning|shower|repair|penpal|songs|diet|jobs|Watching series,Good
Thursday,reddit|writing|fasting|Audio books|coding/cooking/tutorial|good meal|power nap|designing|repair|penpal|songs|research|learning|yoga|jobs|Watching series,Good
Wednesday,writing|fasting|designing|coding/cooking/tutorial|Documentary|News Update|new things|Art|Audio books|power nap|good meal|walk|Recording|reddit|prayer|research|learning|Email|shower|travel|penpal|songs|love|Watching series,Amazing
Tuesday,writing|fasting|designing|coding/cooking/tutorial|Documentary|News Update|new things|Art|Audio books|power nap|good meal|walk|Recording|reddit|cleaning|prayer|research|learning|shower|penpal|songs|love|Watching series,Good
Sunday,shower|reddit|family|writing|fasting|Audio books|coding/cooking/tutorial|good meal|power nap|penpal|songs|love|prayer|research|News Update|learning|new things|Watching series,Good
Saturday,writing|fasting|designing|coding/cooking/tutorial|Documentary|News Update|new things|Audio books|power nap|good meal|walk|reddit|cleaning|research|learning|repair|penpal|songs|love|Watching series,Amazing
Friday,writing|fasting|Documentary|coding/cooking/tutorial|News Update|new things|Audio books|power nap|good meal|walk|Recording|reddit|cleaning|prayer|research|learning|penpal|songs|Watching series,Good
Thursday,writing|fasting|designing|coding/cooking/tutorial|Documentary|News Update|new things|Art|Audio books|power nap|good meal|reddit|cleaning|reading|research|learning|shower|penpal|love|Watching series,Good
Wednesday,writing|fasting|designing|coding/cooking/tutorial|Documentary|News Update|new things|Art|Audio books|power nap|good meal|walk|Recording|reddit|cleaning|research|learning|penpal|songs|love|jobs|Watching series,Good
Tuesday,writing|fasting|designing|coding/cooking/tutorial|Documentary|News Update|new things|Art|Audio books|power nap|good meal|Recording|reddit|prayer|research|learning|shower|penpal|songs|love|Watching series,Amazing
Monday,writing|designing|coding/cooking/tutorial|Documentary|podcast|News Update|new things|movies|Audio books|power nap|good meal|Recording|reddit|cleaning|research|learning|shower|penpal|songs|love,Amazing
Sunday,Email|reddit|Art|writing|cleaning|fasting|Audio books|coding/cooking/tutorial|good meal|power nap|designing|Documentary|penpal|research|News Update|learning|new things|Watching series,Good
Saturday,reddit|writing|fasting|Audio books|coding/cooking/tutorial|good meal|power nap|designing|Documentary|songs|walk|love|research|News Update|new things|learning|meditation|Watching series,Good
Friday,writing|fasting|designing|Documentary|coding/cooking/tutorial|News Update|meditation|Audio books|power nap|good meal|gaming|walk|reddit|cleaning|prayer|research|learning|shower|Exercise|love|Watching series,Good
Thursday,writing|fasting|Documentary|coding/cooking/tutorial|podcast|News Update|new things|meditation|Audio books|power nap|good meal|walk|reddit|cleaning|reading|research|learning|shower|Watching series,Good
Wednesday,Recording|shower|reddit|writing|fasting|Audio books|coding/cooking/tutorial|good meal|power nap|Documentary|love|walk|research|News Update|learning|movies|Watching series,Good
Tuesday,writing|designing|coding/cooking/tutorial|Documentary|News Update|meditation|Audio books|power nap|good meal|walk|Recording|reddit|prayer|research|learning|shower|repair|love|Watching series,Good
Monday,shower|reddit|writing|fasting|Audio books|coding/cooking/tutorial|good meal|power nap|Documentary|walk|prayer|research|News Update|new things|learning|meditation|Watching series,Normal
Sunday,reddit|fasting|power nap|coding/cooking/tutorial|good meal|walk|research|News Update|learning|new things|Watching series,Good
Saturday,writing|fasting|coding/cooking/tutorial|News Update|meditation|movies|Audio books|power nap|good meal|walk|reddit|cleaning|prayer|research|learning|penpal|songs|jobs|Watching series,Good
Friday,writing|fasting|Documentary|coding/cooking/tutorial|News Update|meditation|holotropic|Art|Audio books|power nap|good meal|walk|reddit|cleaning|Poetry|reading|prayer|research|learning|shower|penpal|songs|Watching series,Normal
Thursday,writing|fasting|Documentary|coding/cooking/tutorial|News Update|new things|meditation|Audio books|power nap|good meal|walk|reddit|prayer|research|learning|shower|penpal|songs|Watching series,Good
Wednesday,writing|fasting|Documentary|coding/cooking/tutorial|podcast|News Update|meditation|Audio books|power nap|good meal|gaming|reddit|cleaning|research|learning|shower|Exercise|songs|Watching series,Good
Tuesday,fasting|Documentary|coding/cooking/tutorial|News Update|new things|family|Audio books|power nap|good meal|walk|reddit|cleaning|Poetry|shave|research|learning|yoga|Email|shower|penpal|diet|Watching series,Normal
Monday,writing|fasting|Documentary|coding/cooking/tutorial|podcast|News Update|new things|meditation|Audio books|good meal|gaming|walk|reddit|reading|prayer|research|learning|shower|songs|Watching series,Awful
Sunday,Email|reddit|writing|cleaning|fasting|Audio books|Exercise|good meal|coding/cooking/tutorial|power nap|walk|prayer|research|News Update|learning|meditation|Watching series,Good
Saturday,writing|fasting|Documentary|coding/cooking/tutorial|News Update|new things|meditation|Audio books|good meal|walk|reddit|prayer|research|learning|Email|shower|repair|Exercise|penpal|songs|Watching series,Good
Thursday,writing|fasting|Documentary|coding/cooking/tutorial|News Update|new things|meditation|Audio books|power nap|good meal|walk|reddit|cleaning|prayer|research|learning|shower|penpal|Watching series,Good
Wednesday,writing|fasting|coding/cooking/tutorial|News Update|new things|meditation|Audio books|power nap|good meal|walk|reddit|cleaning|Poetry|research|learning|Email|shower|repair|penpal|songs|Watching series,Good
Tuesday,writing|fasting|Documentary|coding/cooking/tutorial|News Update|new things|meditation|Audio books|power nap|good meal|walk|reddit|cleaning|prayer|research|learning|shower|penpal|Watching series,Good
Monday,writing|fasting|Documentary|coding/cooking/tutorial|News Update|new things|meditation|Audio books|power nap|good meal|gaming|walk|reddit|cleaning|prayer|research|learning|Email|shower|penpal|Watching series,Good
Sunday,reddit|cleaning|fasting|power nap|coding/cooking/tutorial|good meal|penpal|walk|research|News Update|new things|learning|meditation|Watching series,Normal
Saturday,Email|shower|reddit|fasting|Audio books|coding/cooking/tutorial|good meal|power nap|travel|Documentary|penpal|walk|research|News Update|learning|Watching series,Bad
Friday,fasting|Documentary|coding/cooking/tutorial|News Update|new things|Audio books|power nap|good meal|walk|reddit|cleaning|prayer|research|learning|Email|shower|Exercise|penpal|Watching series,Bad
Thursday,shower|reddit|Art|writing|cleaning|fasting|Audio books|power nap|good meal|Documentary|coding/cooking/tutorial|penpal|walk|research|News Update|learning|new things|Watching series,Normal
Wednesday,fasting|Documentary|coding/cooking/tutorial|News Update|new things|Art|Audio books|power nap|good meal|walk|reddit|cleaning|prayer|research|learning|shower|travel|penpal|Watching series,Normal
Tuesday,writing|fasting|designing|coding/cooking/tutorial|Documentary|News Update|new things|meditation|movies|Art|Audio books|power nap|good meal|walk|reddit|cleaning|prayer|research|learning|Email|shower|penpal|Watching series,Normal
Sunday,reddit|Art|cleaning|Poetry|Audio books|coding/cooking/tutorial|good meal|power nap|Documentary|penpal|songs|love|research|News Update|learning|new things|Watching series,Normal
Saturday,writing|fasting|Documentary|coding/cooking/tutorial|News Update|new things|Art|Audio books|power nap|good meal|gaming|walk|reddit|cleaning|research|learning|shower|penpal|songs|Watching series,Normal
Friday,writing|fasting|coding/cooking/tutorial|News Update|new things|Art|Audio books|power nap|good meal|walk|reddit|cleaning|prayer|research|learning|shower|repair|penpal|Watching series,Normal
Thursday,writing|fasting|Documentary|coding/cooking/tutorial|News Update|meditation|Art|Audio books|power nap|good meal|walk|reddit|cleaning|Poetry|prayer|research|learning|shower|penpal|songs|jobs|Watching series,Good
Wednesday,reddit|Art|cleaning|fasting|Audio books|power nap|good meal|Documentary|coding/cooking/tutorial|penpal|walk|podcast|research|News Update|learning|Watching series,Normal
Tuesday,reddit|Art|fasting|power nap|coding/cooking/tutorial|good meal|Documentary|penpal|walk|research|News Update|new things|Watching series,Bad
Monday,designing|coding/cooking/tutorial|Documentary|News Update|new things|meditation|holotropic|Art|Audio books|power nap|good meal|gaming|walk|reddit|cleaning|prayer|research|learning|shower|penpal|songs|Watching series,Normal
Sunday,reddit|cleaning|fasting|Audio books|Exercise|good meal|coding/cooking/tutorial|power nap|Documentary|penpal|walk|prayer|research|News Update|new things|learning|meditation|Watching series,Good
Saturday,fasting|Documentary|coding/cooking/tutorial|News Update|new things|Audio books|power nap|good meal|walk|reddit|cleaning|reading|prayer|research|learning|shower|repair|penpal|Watching series,Good
Thursday,shower|reddit|writing|cleaning|fasting|Audio books|coding/cooking/tutorial|good meal|penpal|walk|prayer|research|News Update|learning|new things|Watching series,Awful
Wednesday,reddit|writing|cleaning|Audio books|coding/cooking/tutorial|good meal|power nap|penpal|research|News Update|learning|Watching series,Bad
Tuesday,reddit|Art|writing|cleaning|fasting|Audio books|coding/cooking/tutorial|good meal|power nap|penpal|songs|walk|prayer|research|News Update|learning|new things|Watching series,Normal
Monday,shower|reddit|cleaning|fasting|Audio books|coding/cooking/tutorial|good meal|power nap|Documentary|penpal|walk|prayer|research|new things|learning|meditation|Watching series,Good
Sunday,shower|reddit|cleaning|fasting|Audio books|coding/cooking/tutorial|good meal|power nap|penpal|songs|walk|prayer|research|News Update|new things|learning|meditation|Watching series,Good
Saturday,shower|reddit|cleaning|fasting|Documentary|coding/cooking/tutorial|good meal|penpal|songs|walk|prayer|research|News Update|new things|learning|meditation|Watching series,Normal
Friday,shower|reddit|writing|cleaning|fasting|Audio books|coding/cooking/tutorial|Documentary|penpal|songs|walk|prayer|research|News Update|new things|learning|meditation|Watching series,Awful
Thursday,reddit|fasting|Audio books|designing|good meal|coding/cooking/tutorial|penpal|reading|walk|prayer|songs|love|News Update|new things|learning|meditation|Watching series,Good
Wednesday,shower|reddit|Art|fasting|Audio books|coding/cooking/tutorial|good meal|power nap|Documentary|love|walk|prayer|research|learning|Watching series,Awful
Tuesday,Recording|reddit|power nap|coding/cooking/tutorial|good meal|penpal|love|research|News Update|learning|new things,Good
Monday,Recording|shower|reddit|Art|writing|fasting|Audio books|coding/cooking/tutorial|good meal|penpal|walk|prayer|research|new things|learning|meditation|Watching series,Normal
Sunday,reddit|Audio books|coding/cooking/tutorial|good meal|power nap|Documentary|penpal|walk|research|News Update|new things|learning|meditation|Watching series,Good
Saturday,Recording|reddit|Art|fasting|Audio books|coding/cooking/tutorial|good meal|penpal|songs|walk|prayer|podcast|research|News Update|learning|meditation|Watching series,Amazing
Friday,fasting|Documentary|coding/cooking/tutorial|News Update|new things|meditation|holotropic|Audio books|good meal|walk|Recording|reddit|cleaning|prayer|research|learning|shower|penpal|Watching series,Good
Wednesday,writing|Documentary|coding/cooking/tutorial|News Update|new things|meditation|family|Audio books|good meal|walk|Recording|reddit|Poetry|shave|prayer|research|learning|shopping|Email|shower|songs|Watching series,Amazing
Tuesday,writing|fasting|coding/cooking/tutorial|News Update|new things|meditation|holotropic|Audio books|good meal|walk|Recording|reddit|prayer|learning|shower|penpal|songs|jobs|Watching series,Amazing
Monday,fasting|Documentary|coding/cooking/tutorial|News Update|meditation|Audio books|power nap|good meal|walk|Recording|reddit|cleaning|shave|prayer|learning|shower|penpal|songs|jobs|Watching series,Amazing
Sunday,writing|fasting|Documentary|coding/cooking/tutorial|News Update|new things|meditation|holotropic|Art|Audio books|power nap|good meal|walk|Recording|reddit|prayer|research|learning|penpal|Watching series,Amazing
Saturday,writing|fasting|Documentary|coding/cooking/tutorial|News Update|new things|meditation|Art|Audio books|power nap|good meal|walk|Recording|reddit|prayer|research|learning|Email|penpal|Watching series,Good
Friday,writing|fasting|Documentary|coding/cooking/tutorial|podcast|News Update|meditation|holotropic|Art|Audio books|power nap|good meal|walk|Recording|reddit|shave|prayer|learning|shower|penpal|Watching series,Good
Wednesday,fasting|Documentary|coding/cooking/tutorial|News Update|meditation|holotropic|family|Art|power nap|good meal|walk|Recording|reddit|shave|reading|prayer|learning|shopping|shower|penpal|songs|jobs|Watching series,Normal
Tuesday,Audio books|coding/cooking/tutorial|good meal|walk|podcast|learning,Awful
Tuesday,writing|fasting|Documentary|coding/cooking/tutorial|News Update|meditation|movies|Art|Audio books|power nap|good meal|walk|Recording|reddit|reading|prayer|learning|penpal|songs|Watching series,Good
Monday,Recording|shower|reddit|family|writing|fasting|Audio books|coding/cooking/tutorial|good meal|travel|penpal|songs|walk|News Update|learning|meditation|Watching series,Normal
Sunday,Recording|family|reddit|writing|fasting|Audio books|power nap|good meal|coding/cooking/tutorial|penpal|love|walk|prayer|News Update|learning|meditation|Watching series,Normal
Saturday,Recording|shower|reddit|Art|fasting|Audio books|Documentary|good meal|coding/cooking/tutorial|travel|walk|prayer|podcast|News Update|learning|meditation|Watching series,Bad
Friday,Recording|shower|reddit|family|fasting|Audio books|coding/cooking/tutorial|good meal|power nap|penpal|walk|prayer|podcast|News Update|learning|meditation|Watching series,Awful
Thursday,writing|Documentary|coding/cooking/tutorial|News Update|new things|meditation|Art|Audio books|power nap|good meal|walk|Recording|reddit|cleaning|Poetry|shave|prayer|learning|shower|Exercise|penpal|songs|Watching series,Normal
Tuesday,Recording|reddit|Art|writing|fasting|Audio books|Exercise|power nap|Documentary|coding/cooking/tutorial|learning|meditation|Watching series,Awful
Monday,writing|fasting|Documentary|coding/cooking/tutorial|News Update|new things|meditation|movies|Art|Audio books|write diary|good meal|gaming|walk|Recording|reddit|cleaning|prayer|learning|shower|video editing|Watching series,Normal
Sunday,writing|fasting|designing|Documentary|coding/cooking/tutorial|News Update|new things|meditation|family|Art|Audio books|good meal|gaming|walk|Recording|reddit|cleaning|friends|reading|prayer|research|learning|shower|Exercise|penpal|love|Watching series,Good
Saturday,Recording|shower|reddit|fasting|Audio books|power nap|good meal|Documentary|gaming|coding/cooking/tutorial|reading|walk|prayer|News Update|learning|meditation|Watching series,Normal
Friday,fasting|Documentary|coding/cooking/tutorial|News Update|meditation|Art|Audio books|good meal|gaming|walk|Recording|reddit|Poetry|reading|prayer|learning|shopping|shower|songs,Good
Thursday,Recording|reddit|Art|writing|fasting|Audio books|Documentary|good meal|reading|walk|prayer|songs|News Update|learning|meditation|Watching series,Bad
Wednesday,writing|fasting|Documentary|News Update|new things|meditation|family|Art|Audio books|good meal|gaming|walk|Recording|reddit|reading|prayer|learning|Email|shower|jobs|Watching series,Bad
Wednesday,family|reddit|fasting|Documentary|good meal|love|News Update|learning,Bad
Tuesday,shower|reddit|fasting|Audio books|good meal|travel|friends|love|walk|prayer|News Update|learning|meditation|jobs|Watching series,Awful
Monday,shower|reddit|fasting|Audio books|power nap|good meal|Documentary|love|walk|prayer|News Update|learning|meditation|Watching series,Normal
Sunday,shower|reddit|Art|fasting|Audio books|Documentary|write diary|good meal|walk|prayer|podcast|research|News Update|learning|meditation|Watching series,Awful
Sunday,reddit|Art|fasting|Audio books|good meal|love|podcast|News Update|learning|meditation,Awful
Saturday,reddit|Art|Audio books|walk|podcast|learning|Watching series,Bad
Saturday,reddit|Audio books|Documentary|songs|walk|prayer|podcast|News Update|learning|meditation|movies|Watching series,Normal
Saturday,shower|reddit|writing|Audio books|power nap|Documentary|coding/cooking/tutorial|walk|News Update|learning|Watching series,Awful
Friday,shower|reddit|family|fasting|good meal|gaming|travel|shave|walk|prayer|podcast|diet|News Update|learning|meditation|Watching series,Normal
Thursday,shower|reddit|writing|fasting|Audio books|write diary|good meal|love|walk|prayer|podcast|News Update|learning|meditation|Watching series,Bad
Wednesday,writing|fasting|Documentary|coding/cooking/tutorial|podcast|News Update|new things|meditation|Art|Audio books|power nap|good meal|walk|reddit|prayer|research|learning|shower|songs|love|Watching series,Normal
Tuesday,writing|fasting|designing|Documentary|podcast|News Update|meditation|Art|Audio books|power nap|good meal|walk|reddit|cleaning|Poetry|reading|prayer|learning|shower|songs|love|Watching series,Normal
Monday,writing|fasting|Documentary|News Update|meditation|Art|Audio books|power nap|good meal|gaming|walk|reddit|cleaning|shave|reading|prayer|learning|shower|songs|love|diet|Watching series,Normal
Sunday,shower|reddit|writing|fasting|Audio books|power nap|good meal|gaming|reading|walk|prayer|podcast|songs|News Update|love|learning|meditation|Watching series,Good
Saturday,shower|reddit|writing|fasting|Documentary|good meal|gaming|love|podcast|prayer|News Update|learning|meditation|Watching series,Good
Friday,writing|fasting|designing|Documentary|podcast|News Update|new things|meditation|movies|family|Art|Audio books|power nap|good meal|gaming|walk|Recording|reddit|reading|prayer|learning|shower|songs|love|Watching series,Awful
Thursday,writing|fasting|designing|podcast|News Update|meditation|family|Art|Audio books|power nap|good meal|gaming|walk|reddit|shave|prayer|research|learning|shower|songs|love,Bad
Wednesday,writing|fasting|Documentary|podcast|News Update|meditation|family|Art|Audio books|power nap|good meal|gaming|walk|reddit|reading|prayer|research|learning|shower|songs|love|Watching series,Awful
Tuesday,writing|fasting|designing|Documentary|podcast|News Update|meditation|Audio books|power nap|good meal|gaming|walk|reddit|prayer|research|learning|shower|Exercise|songs|Watching series,Bad
Monday,writing|fasting|designing|podcast|News Update|meditation|Art|Audio books|power nap|write diary|good meal|gaming|walk|reddit|cleaning|prayer|learning|shower|songs|love|Watching series,Good
Sunday,writing|fasting|Documentary|podcast|News Update|meditation|family|Audio books|power nap|good meal|gaming|walk|reddit|cleaning|reading|prayer|research|learning|shower|Watching series,Normal
Saturday,writing|fasting|designing|Documentary|podcast|News Update|meditation|movies|Art|Audio books|power nap|good meal|gaming|walk|reddit|cleaning|prayer|learning|shower|repair|songs|love|Watching series,Normal
Friday,writing|fasting|designing|Documentary|coding/cooking/tutorial|podcast|News Update|new things|meditation|movies|Art|Audio books|power nap|write diary|good meal|gaming|walk|Recording|reddit|cleaning|reading|prayer|research|learning|shower|songs|love|Watching series,Good
Thursday,writing|fasting|designing|Documentary|podcast|News Update|meditation|Art|Audio books|write diary|good meal|gaming|walk|reddit|cleaning|reading|prayer|research|learning|shower|songs|love|Watching series,Normal
Wednesday,shower|reddit|writing|cleaning|Audio books|power nap|write diary|good meal|gaming|shave|songs|walk|prayer|research|News Update|learning|meditation|Watching series,Awful
Tuesday,shower|reddit|writing|fasting|Audio books|power nap|good meal|designing|gaming|songs|walk|prayer|love|News Update|learning|meditation|Watching series,Good
Monday,writing|fasting|podcast|News Update|meditation|Art|Audio books|power nap|good meal|gaming|walk|reddit|cleaning|shave|prayer|research|learning|shower|kaballah|songs|love|diet|Watching series,Good
Sunday,shower|reddit|Art|writing|cleaning|fasting|Audio books|power nap|good meal|designing|gaming|walk|prayer|podcast|News Update|learning|meditation|Watching series,Normal
Saturday,writing|fasting|designing|coding/cooking/tutorial|podcast|News Update|meditation|Art|Audio books|power nap|good meal|gaming|walk|reddit|cleaning|prayer|research|learning|shower|songs,Normal
Friday,writing|fasting|designing|podcast|News Update|meditation|Art|Audio books|power nap|write diary|good meal|gaming|walk|reddit|cleaning|prayer|research|learning|shower|Watching series,Normal
Thursday,shower|Art|writing|cleaning|fasting|Audio books|Documentary|good meal|coding/cooking/tutorial|gaming|love|walk|prayer|research|News Update|learning|meditation|Watching series,Amazing
Wednesday,writing|fasting|designing|coding/cooking/tutorial|News Update|new things|meditation|family|Art|Audio books|power nap|write diary|good meal|gaming|walk|Recording|reddit|prayer|research|learning|songs|Watching series,Good
Tuesday,writing|designing|podcast|News Update|new things|meditation|movies|Audio books|power nap|write diary|good meal|gaming|walk|reddit|cleaning|reading|prayer|research|learning|shower|songs|Watching series,Good
Monday,writing|designing|Documentary|coding/cooking/tutorial|podcast|News Update|new things|meditation|Art|Audio books|power nap|write diary|good meal|gaming|walk|reddit|cleaning|reading|prayer|research|learning|shower|songs|love|Watching series,Normal
Sunday,writing|fasting|designing|podcast|News Update|meditation|Art|Audio books|power nap|good meal|gaming|walk|reddit|cleaning|prayer|learning|shower|songs|love|Watching series,Normal
Saturday,writing|fasting|Documentary|podcast|News Update|meditation|movies|Art|Audio books|power nap|good meal|walk|reddit|reading|prayer|learning|shower|songs|love|Watching series,Good
Friday,writing|designing|Documentary|coding/cooking/tutorial|podcast|News Update|new things|meditation|family|Art|Audio books|power nap|good meal|gaming|walk|Recording|reddit|cleaning|reading|prayer|learning|shower|songs|love|Watching series,Bad
Thursday,writing|fasting|designing|podcast|News Update|meditation|movies|Art|Audio books|power nap|write diary|good meal|walk|Recording|reddit|prayer|learning|shower|songs|love|Watching series,Good
Wednesday,writing|fasting|Documentary|podcast|News Update|meditation|movies|Art|Audio books|power nap|good meal|gaming|walk|reddit|prayer|learning|shower|songs|love|Watching series,Good
Tuesday,writing|coding/cooking/tutorial|News Update|new things|meditation|movies|Art|Audio books|power nap|good meal|gaming|walk|reddit|shave|reading|prayer|research|learning|shower|songs|love|diet|Watching series,Good
Monday,shower|reddit|Art|writing|Audio books|good meal|gaming|love|walk|prayer|News Update|learning|Watching series,Normal
Sunday,writing|fasting|designing|podcast|News Update|new things|meditation|family|Art|Audio books|power nap|write diary|good meal|gaming|walk|Recording|reddit|prayer|learning|shower|penpal|songs|love|Watching series,Good
Saturday,writing|designing|Documentary|coding/cooking/tutorial|podcast|News Update|meditation|movies|family|Art|Audio books|power nap|write diary|good meal|gaming|walk|reddit|cleaning|shave|reading|prayer|research|learning|Email|shower|love|Watching series,Amazing
Friday,Recording|shower|reddit|Art|writing|fasting|Audio books|write diary|good meal|gaming|reading|walk|prayer|songs|love|News Update|learning|meditation,Good
Thursday,writing|Documentary|coding/cooking/tutorial|News Update|meditation|family|Art|Audio books|power nap|write diary|good meal|Recording|reddit|reading|prayer|research|learning|shower|songs|love|Watching series,Good
Wednesday,family|reddit|writing|cleaning|Audio books|power nap|good meal|reading|walk|prayer|songs|News Update|learning|meditation|Watching series,Good
Tuesday,family|reddit|writing|fasting|Audio books|good meal|gaming|reading|walk|prayer|podcast|songs|News Update|love|learning|meditation|Watching series,Normal
Monday,Email|shower|reddit|power nap|good meal|gaming|shave|reading|walk|prayer|podcast|diet|songs|love|learning|Watching series,Good
Sunday,shower|reddit|Art|Audio books|power nap|write diary|good meal|gaming|shave|reading|podcast|prayer|diet|love|News Update|meditation,Normal
Saturday,shower|reddit|phd|Art|writing|Audio books|good meal|gaming|reading|walk|prayer|love|News Update,Awful
Friday,writing|podcast|News Update|meditation|Art|Audio books|good meal|gaming|walk|reddit|cleaning|shave|reading|prayer|Email|songs|love|diet|Watching series,Normal
Thursday,writing|Documentary|podcast|News Update|meditation|family|Audio books|power nap|good meal|walk|reddit|reading|prayer|research|learning|shower|penpal|songs|Watching series,Good
Tuesday,shower|reddit|Art|writing|fasting|Audio books|power nap|good meal|love|walk|prayer|News Update|Watching series,Good
Monday,reddit|Art|Audio books|good meal|songs|walk|love|News Update,Normal
Sunday,shower|reddit|writing|Audio books|write diary|good meal|gaming|songs|walk|prayer|love|News Update|learning|meditation|Watching series,Normal
Saturday,writing|fasting|Documentary|coding/cooking/tutorial|News Update|meditation|movies|family|Art|Audio books|power nap|good meal|walk|reddit|reading|prayer|learning|shower|songs|love|Watching series,Amazing
Friday,writing|fasting|News Update|meditation|family|Art|Audio books|power nap|write diary|good meal|walk|Recording|reddit|reading|prayer|research|learning|party|shower|penpal|songs|love|video editing|Watching series,Normal
Thursday,Email|Recording|shower|reddit|Art|fasting|power nap|good meal|reading|walk|prayer|songs|love|News Update|learning|meditation,Amazing
Wednesday,writing|designing|News Update|meditation|Art|Audio books|power nap|write diary|good meal|walk|reddit|cleaning|friends|reading|prayer|Email|shower|songs|love|Watching series,Good
Tuesday,writing|Documentary|coding/cooking/tutorial|podcast|News Update|meditation|Art|Audio books|write diary|good meal|walk|Recording|reddit|reading|prayer|research|learning|Email|shower|penpal|songs|love|Watching series,Normal
Sunday,writing|fasting|Documentary|coding/cooking/tutorial|News Update|meditation|family|Art|Audio books|write diary|good meal|walk|Recording|reddit|reading|prayer|learning|shopping|shower|songs|video editing|Watching series,Good
Saturday,family|reddit|fasting|Audio books|power nap|good meal|designing|Documentary|reading|walk|prayer|songs|love|News Update|meditation,Normal
Friday,writing|fasting|Documentary|podcast|News Update|meditation|Art|Audio books|power nap|good meal|gaming|walk|reddit|reading|prayer|shower|penpal|songs|love|Watching series,Amazing
Thursday,fasting|podcast|News Update|new things|meditation|Art|Audio books|power nap|good meal|gaming|walk|reddit|friends|reading|prayer|research|learning|shower|penpal|songs|love,Good
Wednesday,Email|reddit|cleaning|fasting|Audio books|good meal|gaming|penpal|reading|walk|prayer|songs|love|News Update|meditation|movies|Watching series,Good
Tuesday,reddit|writing|power nap|good meal|gaming|penpal|reading|walk|songs|love|learning|meditation|Watching series,Good
Monday,family|reddit|Art|Audio books|Documentary|good meal|gaming|penpal|love|walk|research|News Update|new things|movies|Watching series,Good
Sunday,shower|reddit|family|writing|Documentary|good meal|gaming|penpal|friends|reading|walk|love|News Update|movies|Watching series,Amazing
Friday,shower|reddit|Audio books|power nap|good meal|songs|walk|News Update|learning|Watching series,Good
Thursday,shower|reddit|writing|Audio books|power nap|good meal|songs|walk|News Update|learning|meditation,Normal
Wednesday,shower|reddit|Art|writing|power nap|good meal|penpal|songs|walk|prayer|learning|meditation|Watching series,Good
Monday,family|reddit|good meal|penpal|songs|walk|learning|Watching series,Normal
Saturday,reddit|good meal|penpal|reading|walk|prayer|songs|learning|Watching series,Normal
Friday,reddit|Art|fasting|power nap|designing|good meal|penpal|songs|learning,Normal
Thursday,shower|reddit|writing|fasting|Audio books|power nap|good meal|penpal|walk|learning|meditation|Watching series,Normal
Wednesday,shower|reddit|Art|writing|Audio books|power nap|good meal|penpal|songs|walk,Normal
Tuesday,reddit|Art|fasting|good meal|gaming|penpal|News Update|learning|Watching series,Bad
Monday,shower|reddit|writing|power nap|write diary|good meal|songs|walk|prayer|News Update|learning|meditation|Watching series,Good
Sunday,shower|writing|fasting|power nap|write diary|good meal|reading|walk|prayer|songs|News Update|learning|meditation|Watching series,Normal
Saturday,shower|reddit|writing|fasting|Audio books|good meal|gaming|songs|walk|prayer|learning|meditation|Watching series,Normal
Friday,shower|reddit|fasting|Audio books|power nap|write diary|good meal|penpal|songs|walk|learning,Normal
Thursday,shower|reddit|writing|fasting|Audio books|power nap|write diary|good meal|penpal|songs|walk|prayer|News Update|new things|learning|meditation|Watching series,Good
Wednesday,shower|reddit|Audio books|good meal|songs|podcast|prayer|News Update,Amazing
Tuesday,Email|shower|reddit|Art|writing|designing|good meal|penpal|reading|walk|prayer|songs|new things|learning|meditation|Watching series,Amazing
Sunday,shower|reddit|good meal|songs|prayer|News Update|new things,Amazing
Saturday,shower|reddit|Art|writing|fasting|power nap|good meal|reading|walk|prayer|songs|News Update|new things|learning|meditation|Watching series,Good
Friday,walk|prayer|good meal|shower,Good
Thursday,writing|fasting|News Update|new things|meditation|Art|Audio books|power nap|write diary|good meal|reddit|reading|prayer|research|learning|shower|penpal|songs|diet,Normal
Wednesday,writing|fasting|podcast|News Update|meditation|Art|Audio books|power nap|good meal|walk|reddit|reading|prayer|research|learning|Email|shower|Exercise|songs,Awful
Tuesday,writing|fasting|designing|podcast|News Update|new things|meditation|family|Art|Audio books|write diary|good meal|walk|reddit|reading|prayer|research|learning|shower|songs|diet|Watching series,Bad
Monday,shower|reddit|Art|fasting|Audio books|Exercise|good meal|coding/cooking/tutorial|gaming|songs|walk|prayer|podcast|News Update|new things|learning|meditation|Watching series,Amazing
Sunday,writing|fasting|podcast|News Update|new things|meditation|Art|Audio books|power nap|good meal|walk|reddit|reading|prayer|research|learning|Email|shower|songs|Watching series,Amazing
Saturday,shower|reddit|Art|writing|fasting|power nap|Exercise|good meal|reading|walk|prayer|songs|News Update|learning|meditation|Watching series,Amazing
Friday,shower|reddit|Art|writing|fasting|Audio books|coding/cooking/tutorial|write diary|good meal|reading|walk|prayer|podcast|songs|News Update|learning|meditation|Watching series,Good
Monday,writing|fasting|designing|coding/cooking/tutorial|News Update|new things|meditation|movies|family|Art|Audio books|power nap|write diary|good meal|walk|reddit|reading|prayer|learning|Email|shower|songs|Watching series,Amazing
Sunday,Email|shower|reddit|Art|fasting|Audio books|coding/cooking/tutorial|write diary|good meal|reading|walk|prayer|songs|diet|News Update|new things|learning|meditation,Amazing
Saturday,shower|reddit|Art|writing|fasting|Audio books|coding/cooking/tutorial|write diary|good meal|reading|walk|prayer|songs|research|News Update|new things|learning|meditation,Good
Friday,writing|fasting|designing|coding/cooking/tutorial|News Update|new things|meditation|movies|Art|Audio books|write diary|good meal|walk|reddit|reading|prayer|research|learning|Email|shower|songs|diet,Amazing
Thursday,shower|reddit|Art|writing|fasting|Audio books|power nap|write diary|good meal|designing|reading|walk|prayer|songs|research|News Update|learning|meditation,Amazing
Wednesday,shower|reddit|Art|fasting|Audio books|power nap|write diary|good meal|songs|walk|prayer|News Update|learning|meditation,Amazing
Tuesday,shower|reddit|Art|fasting|Audio books|power nap|write diary|good meal|songs|walk|prayer|News Update|learning|meditation,Good
Monday,shower|reddit|Art|fasting|Audio books|power nap|good meal|reading|walk|prayer|songs|News Update|new things|learning|meditation|Watching series,Good
Sunday,reddit|fasting|Audio books|power nap|good meal|songs|walk|prayer|News Update|meditation|Watching series,Normal
Saturday,shower|reddit|fasting|power nap|good meal|reading|walk|prayer|songs|News Update|learning|meditation|Watching series,Amazing
Friday,reddit|fasting|Audio books|power nap|good meal|designing|reading|walk|prayer|podcast|songs|learning|meditation|Watching series,Good
Thursday,reddit|fasting|Audio books|good meal|reading|walk|prayer|songs|research|News Update|new things|learning|meditation,Good
Wednesday,shower|reddit|family|writing|fasting|Audio books|power nap|good meal|designing|reading|walk|prayer|podcast|songs|News Update|learning|meditation|Watching series,Normal
Monday,shower|reddit|writing|fasting|Audio books|power nap|good meal|reading|walk|prayer|songs|News Update|learning|meditation|Watching series,Amazing
Sunday,writing|fasting|News Update|new things|meditation|Audio books|power nap|write diary|good meal|walk|reddit|cleaning|reading|prayer|research|learning|shower|songs|Watching series,Amazing
Saturday,shower|reddit|writing|fasting|power nap|designing|write diary|good meal|penpal|songs|walk|prayer|News Update|meditation|Watching series,Good
Friday,reddit|good meal|penpal|songs|walk|News Update|Watching series,Good
Thursday,shower|reddit|writing|fasting|designing|good meal|gaming|penpal|songs|walk|prayer|News Update|meditation|Watching series,Amazing
Wednesday,shower|reddit|Art|writing|power nap|designing|good meal|penpal|songs|walk|prayer|News Update|meditation|Watching series,Bad
Tuesday,shower|reddit|fasting|Audio books|power nap|good meal|gaming|penpal|songs|walk|prayer|News Update|meditation|Watching series,Amazing
Monday,shower|reddit|Audio books|power nap|good meal|penpal|songs|prayer|News Update|meditation|Watching series,Good
Sunday,shower|reddit|power nap|good meal|gaming|penpal|songs|walk|prayer|News Update|meditation|Watching series,Normal
Saturday,shower|reddit|writing|power nap|designing|good meal|gaming|penpal|songs|walk|prayer|podcast|News Update|meditation|Watching series,Good
Friday,shower|reddit|writing|Audio books|power nap|good meal|gaming|penpal|songs|walk|prayer|News Update|meditation|Watching series,Good
Wednesday,shower|reddit|writing|fasting|Audio books|power nap|good meal|gaming|penpal|songs|walk|prayer|News Update|meditation|Watching series,Amazing
Tuesday,reddit|Art|Audio books|power nap|good meal|penpal|songs|walk|prayer|News Update|new things|meditation|Watching series,Amazing
Monday,shower|reddit|fasting|Audio books|good meal|penpal|songs|walk|prayer|News Update|new things|meditation|Watching series,Amazing
Sunday,shower|reddit|power nap|good meal|penpal|songs|walk|prayer|News Update|meditation|Watching series,Good
Saturday,reddit|good meal|penpal|songs|walk|News Update|Watching series,Normal
Friday,shower|reddit|Art|writing|Audio books|power nap|good meal|penpal|songs|podcast|prayer|diet|News Update|Watching series,Good
Thursday,shower|reddit|family|writing|fasting|power nap|designing|good meal|penpal|songs|walk|prayer|News Update|meditation|movies|Watching series,Awful
Tuesday,shower|reddit|family|Art|writing|cleaning|Audio books|power nap|write diary|good meal|penpal|songs|walk|prayer|podcast|News Update|meditation|Watching series,Normal
Monday,shower|reddit|Art|writing|Audio books|power nap|good meal|designing|gaming|penpal|songs|walk|prayer|podcast|News Update|meditation|Watching series,Good
Sunday,reddit|Art|writing|cleaning|fasting|Audio books|power nap|good meal|penpal|songs|walk|News Update|meditation|Watching series,Amazing
Saturday,shower|reddit|Art|writing|cleaning|power nap|good meal|songs|walk|prayer|News Update|meditation|Watching series,Amazing
Friday,shower|reddit|writing|Audio books|power nap|good meal|gaming|penpal|songs|prayer|Watching series,Amazing
Thursday,shower|reddit|writing|cleaning|Audio books|power nap|good meal|penpal|songs|walk|prayer|diet|News Update|meditation|Watching series,Amazing
Wednesday,shower|reddit|Art|Audio books|power nap|good meal|penpal|songs|walk|prayer|News Update|meditation|Watching series,Amazing
Tuesday,reddit|fasting|Audio books|power nap|good meal|penpal|songs|walk|News Update|meditation|Watching series,Amazing
Sunday,shower|reddit|fasting|Audio books|power nap|good meal|gaming|penpal|songs|walk|prayer|News Update|meditation|Watching series,Amazing
Saturday,phd|reddit|Audio books|power nap|good meal|songs|walk|prayer|News Update|meditation|Watching series,Amazing
Friday,shower|reddit|fasting|Audio books|power nap|good meal|penpal|songs|prayer|News Update|meditation|Watching series,Amazing
Thursday,shower|reddit|fasting|Audio books|power nap|good meal|penpal|songs|walk|prayer|podcast|diet|News Update|meditation|Watching series,Amazing
Wednesday,shower|reddit|writing|fasting|Audio books|power nap|good meal|penpal|songs|walk|prayer|podcast|diet|News Update|meditation|Watching series,Amazing
Tuesday,reddit|Audio books|power nap|good meal|designing|gaming|penpal|songs|walk|prayer|podcast|News Update|meditation,Amazing
Sunday,family|reddit|fasting|Audio books|power nap|good meal|songs|walk|prayer|News Update|meditation|Watching series,Amazing
Saturday,shower|reddit|Audio books|power nap|good meal|gaming|penpal|songs|walk|prayer|News Update|meditation|Watching series,Amazing
Friday,reddit|Audio books|good meal|gaming|walk|News Update|meditation|Watching series,Normal
Thursday,reddit|Audio books|power nap|good meal|gaming|penpal|songs|walk|prayer|diet|News Update|meditation|Watching series,Amazing
Wednesday,shower|reddit|fasting|Audio books|power nap|good meal|penpal|songs|walk|prayer|News Update|meditation|Watching series,Amazing
Monday,shower|reddit|fasting|Audio books|power nap|good meal|designing|penpal|songs|walk|prayer|News Update|meditation|Watching series,Amazing
Sunday,reddit|fasting|Audio books|power nap|good meal|penpal|songs|walk|prayer|News Update|meditation|Watching series,Amazing
Saturday,shower|reddit|phd|Art|fasting|Audio books|good meal|gaming|walk|prayer|News Update|meditation|Watching series,Amazing
Friday,shower|reddit|Art|Audio books|good meal|gaming|penpal|songs|walk|prayer|podcast|News Update|meditation,Amazing
Thursday,reddit|fasting|Audio books|good meal|gaming|penpal|songs|walk|News Update|meditation|Watching series,Amazing
Wednesday,shower|reddit|fasting|Audio books|power nap|good meal|gaming|penpal|songs|walk|prayer|News Update|meditation|Watching series,Amazing
Tuesday,reddit|Art|fasting|Audio books|power nap|good meal|penpal|songs|walk|prayer|podcast|diet|News Update|meditation|Watching series,Amazing
Monday,shower|reddit|fasting|power nap|write diary|good meal|penpal|songs|walk|prayer|News Update|meditation|Watching series,Amazing
Sunday,reddit|Art|fasting|Audio books|designing|good meal|gaming|penpal|songs|walk|prayer|News Update|meditation|Watching series,Amazing
Friday,shower|reddit|writing|fasting|Audio books|power nap|good meal|penpal|songs|walk|prayer|News Update|meditation|Watching series,Amazing
Thursday,family|reddit|Art|fasting|Audio books|power nap|good meal|gaming|penpal|songs|walk|prayer|diet|News Update|meditation|Watching series,Amazing
Wednesday,Email|shower|reddit|fasting|power nap|good meal|gaming|penpal|songs|walk|News Update|meditation|Watching series,Amazing
Tuesday,shower|reddit|family|fasting|power nap|good meal|gaming|penpal|songs|walk|prayer|diet|News Update|meditation|Watching series,Amazing
Monday,shower|reddit|fasting|Audio books|power nap|good meal|gaming|penpal|friends|songs|walk|prayer|diet|News Update|meditation|Watching series,Amazing
Sunday,shower|reddit|fasting|power nap|good meal|penpal|songs|walk|prayer|diet|News Update|meditation|Watching series,Amazing
Saturday,reddit|power nap|good meal|penpal|songs|walk|prayer|News Update|meditation|Watching series,Amazing
Friday,reddit|Art|fasting|power nap|designing|good meal|gaming|penpal|walk|prayer|diet|News Update|meditation|Watching series,Amazing
Wednesday,reddit|fasting|Audio books|good meal|gaming|penpal|songs|walk|prayer|podcast|diet|News Update|meditation|Watching series,Good
Tuesday,reddit|power nap|good meal|gaming|walk|prayer|podcast|diet|News Update|meditation|Watching series,Amazing
Monday,shower|reddit|good meal|songs|walk|prayer|News Update|meditation|Watching series,Normal
Sunday,shower|reddit|fasting|power nap|good meal|gaming|penpal|walk|prayer|podcast|diet|News Update|meditation|Watching series,Amazing
Saturday,shower|reddit|fasting|Audio books|power nap|good meal|penpal|songs|walk|prayer|podcast|diet|News Update|meditation|Watching series,Amazing
Friday,shower|reddit|fasting|Audio books|power nap|good meal|gaming|songs|walk|prayer|diet|News Update|meditation|Watching series,Amazing
Thursday,shower|reddit|Art|fasting|Audio books|power nap|write diary|good meal|gaming|walk|prayer|News Update|meditation|movies,Amazing
Wednesday,shower|reddit|Art|writing|gaming|penpal|walk|prayer|News Update|meditation,Good
Tuesday,shower|reddit|Audio books|designing|good meal|gaming|penpal|songs|walk|prayer|podcast|research|News Update|diet|meditation|Watching series,Good
Monday,reddit|fasting|Audio books|good meal|penpal|walk|prayer|diet|News Update|meditation,Good
Sunday,shower|reddit|fasting|Audio books|good meal|walk|prayer|News Update|meditation,Amazing
Saturday,reddit|fasting|good meal|walk|podcast|diet|News Update|meditation|Watching series,Amazing
Friday,shower|reddit|writing|fasting|power nap|good meal|gaming|songs|walk|prayer|podcast|diet|News Update|meditation|Watching series,Amazing
Thursday,reddit|fasting|good meal|penpal|walk|diet|News Update|meditation|Watching series,Good
Wednesday,reddit|fasting|Audio books|power nap|gaming|penpal|walk|News Update|meditation|Watching series,Amazing
Tuesday,shower|reddit|fasting|good meal|gaming|penpal|walk|diet|News Update|meditation|Watching series,Amazing
Sunday,reddit|fasting|Audio books|good meal|gaming|penpal|walk|podcast|diet|News Update|meditation|Watching series,Good
Saturday,reddit|fasting|Audio books|good meal|gaming|penpal|walk|News Update|meditation|movies|Watching series,Good
Thursday,reddit|fasting|Audio books|write diary|good meal|gaming|penpal|friends|walk|News Update|meditation|movies|Watching series,Good
Wednesday,reddit|fasting|Audio books|good meal|gaming|penpal|walk|diet|News Update|meditation|Watching series,Good
Monday,shower|reddit|fasting|Audio books|good meal|gaming|penpal|songs|walk|diet|News Update|meditation|movies|Watching series,Awful
Sunday,reddit|fasting|Audio books|good meal|penpal|songs|walk|diet|News Update|meditation|Watching series,Good
Friday,shower|reddit|fasting|Audio books|good meal|gaming|walk|prayer|News Update|meditation|Watching series,Good
Wednesday,reddit|fasting|Audio books|good meal|gaming|walk|podcast|diet|News Update|meditation|Watching series,Amazing
Tuesday,shower|reddit|fasting|Audio books|good meal|gaming|walk|diet|News Update|meditation,Good
Monday,reddit|fasting|Audio books|good meal|walk|podcast|diet|News Update|meditation|Watching series,Good
Sunday,reddit|writing|fasting|Audio books|good meal|walk|diet|News Update|meditation|Watching series,Good
Saturday,shower|reddit|fasting|Audio books|walk|prayer|diet|News Update|meditation|Watching series,Good
Friday,reddit|fasting|Audio books|good meal|gaming|walk|diet|News Update|meditation|Watching series,Good
Thursday,reddit|fasting|Audio books|good meal|gaming|walk|diet|News Update|meditation|Watching series,Good
Wednesday,reddit|Audio books|power nap|good meal|gaming|walk|News Update|meditation|Watching series,Normal
Tuesday,shower|reddit|fasting|Audio books|good meal|gaming|walk|diet|News Update|meditation|Watching series,Good
Monday,reddit|fasting|Audio books|good meal|walk|podcast|News Update|meditation|Watching series,Amazing
Sunday,fasting|Audio books|gaming|walk|diet|News Update|meditation|Watching series,Amazing
Saturday,reddit|fasting|Audio books|good meal|walk|podcast|diet|meditation|Watching series,Amazing
Friday,shower|reddit|fasting|good meal|walk|prayer|podcast|diet|News Update|meditation|Watching series,Good
Thursday,reddit|fasting|Audio books|good meal|gaming|songs|walk|podcast|diet|News Update|new things|meditation|Watching series,Good
Wednesday,reddit|fasting|Audio books|gaming|walk|podcast|News Update|meditation|Watching series,Normal
Monday,reddit|fasting|Audio books|gaming|walk|News Update|meditation|Watching series,Amazing
Sunday,reddit|fasting|Audio books|good meal|gaming|walk|podcast|News Update|meditation|Watching series,Good
Saturday,reddit|fasting|Audio books|power nap|good meal|gaming|walk|podcast|diet|News Update|meditation,Good
Thursday,reddit|fasting|Audio books|power nap|good meal|walk|podcast|diet|News Update|meditation|Watching series,Good
Wednesday,shower|reddit|fasting|Audio books|good meal|reading|walk|diet|News Update|meditation,Amazing
Tuesday,reddit|Art|fasting|Audio books|good meal|gaming|reading|walk|diet|meditation,Amazing
Monday,reddit|Art|fasting|Audio books|write diary|good meal|gaming|reading|walk|songs|News Update|new things|meditation,Good
Sunday,shower|fasting|Audio books|good meal|gaming|walk|diet|News Update|meditation|Watching series,Good
Saturday,reddit|fasting|Audio books|gaming|reading|walk|podcast|diet|News Update|meditation|Watching series,Amazing
Friday,shower|fasting|Audio books|good meal|gaming|walk|prayer|podcast|research|diet|meditation|Watching series,Good
Thursday,fasting|Audio books|good meal|gaming|reading|walk|podcast|diet|research|meditation|Watching series,Good
Wednesday,reddit|fasting|Audio books|good meal|gaming|walk|podcast|diet|News Update|meditation|Watching series,Amazing
Monday,reddit|fasting|Audio books|good meal|walk|podcast|diet|News Update|meditation|Watching series,Amazing
Sunday,reddit|fasting|Audio books|good meal|walk|diet|News Update|meditation|Watching series,Good
Saturday,shower|reddit|writing|fasting|Audio books|good meal|walk|podcast|diet|News Update|meditation|movies|Watching series,Good
Friday,shower|reddit|fasting|Audio books|good meal|walk|podcast|diet|research|News Update|meditation|movies|Watching series,Amazing
Thursday,reddit|writing|fasting|Audio books|power nap|write diary|good meal|walk|podcast|diet|research|News Update|meditation|movies|Watching series,Good
Wednesday,shower|reddit|fasting|Audio books|good meal|walk|diet|News Update|meditation|Watching series,Amazing
Tuesday,shower|reddit|fasting|Audio books|good meal|walk|diet|News Update|meditation|Watching series,Good
Monday,reddit|fasting|Audio books|power nap|good meal|walk|diet|News Update|meditation|Watching series,Amazing
Sunday,reddit|fasting|Audio books|good meal|walk|diet|research|News Update|meditation|Watching series,Amazing
Saturday,reddit|fasting|Audio books|good meal|walk|diet|News Update|meditation|Watching series,Amazing
Friday,shower|reddit|fasting|Audio books|power nap|gaming|walk|prayer|diet|News Update|meditation|Watching series,Good
Thursday,shower|reddit|fasting|Audio books|good meal|gaming|walk|diet|News Update|meditation,Good
Monday,shower|reddit|cleaning|fasting|Audio books|power nap|songs|walk|prayer|News Update|meditation|movies|Watching series,Good
Sunday,reddit|fasting|Audio books|Exercise|good meal|walk|diet|News Update|meditation|Watching series,Amazing
Saturday,reddit|fasting|Audio books|Exercise|walk|diet|News Update|meditation|Watching series,Amazing
Friday,shower|reddit|fasting|Audio books|Exercise|good meal|reading|walk|prayer|diet|News Update|meditation|Watching series,Amazing
Thursday,reddit|writing|cleaning|fasting|Audio books|Exercise|coding/cooking/tutorial|penpal|songs|walk|diet|new things|meditation|Watching series,Good
Wednesday,reddit|writing|fasting|Audio books|power nap|gaming|walk|diet|meditation|movies|Watching series,Good
Tuesday,family|reddit|fasting|Audio books|good meal|reading|walk|podcast|diet|News Update|meditation,Amazing
Monday,reddit|fasting|Audio books|power nap|good meal|walk|podcast|diet|News Update|meditation|Watching series,Good
Saturday,reddit|fasting|Audio books|good meal|walk|podcast|diet|News Update|meditation|Watching series,Good
Friday,shower|reddit|fasting|Audio books|gaming|walk|diet|News Update|meditation|Watching series,Good
Thursday,reddit|fasting|Audio books|walk|diet|News Update|meditation|Watching series,Amazing
Wednesday,reddit|fasting|Audio books|walk|diet|meditation|Watching series,Good
Sunday,reddit|fasting|Audio books|travel|walk|meditation|Watching series,Good
Saturday,reddit|fasting|Audio books|gaming|walk|diet|meditation|Watching series,Good
Friday,shower|reddit|fasting|Audio books|walk|diet|News Update|meditation|Watching series,Good
Wednesday,reddit|fasting|Audio books|walk|diet|meditation|Watching series,Good
Tuesday,reddit|fasting|Audio books|good meal|songs|walk|podcast|diet|News Update|meditation|Watching series,Good
Monday,shower|reddit|fasting|Audio books|good meal|walk|diet|meditation,Good
Sunday,reddit|fasting|Audio books|good meal|walk|diet|meditation,Good
Saturday,reddit|fasting|Audio books|good meal|walk|diet|meditation|Watching series,Good
Friday,shower|reddit|fasting|Audio books|walk|prayer|diet|News Update|meditation|Watching series,Normal
Thursday,reddit|fasting|good meal|walk|diet|meditation,Good
Wednesday,shower|reddit|fasting|Audio books|prayer|diet|News Update|meditation|Watching series,Good
Monday,shower|reddit|writing|fasting|Audio books|power nap|good meal|songs|walk|prayer|diet|News Update|meditation,Normal
Sunday,fasting|Audio books|good meal|gaming|walk|diet|News Update|meditation|Watching series,Good
Saturday,shower|reddit|fasting|Audio books|good meal|walk|prayer|diet|News Update|meditation|Watching series,Good
Thursday,shower|reddit|writing|fasting|Audio books|good meal|gaming|kaballah|walk|diet|News Update|meditation|Watching series,Good
Wednesday,reddit|fasting|Audio books|good meal|kaballah|walk|prayer|diet|News Update|meditation|movies|Watching series,Normal
Tuesday,shower|reddit|fasting|Audio books|coding/cooking/tutorial|good meal|gaming|kaballah|walk|prayer|podcast|diet|News Update|new things|meditation|Watching series,Good
Sunday,family|reddit|fasting|good meal|travel|kaballah|walk|diet|News Update|meditation|Watching series,Good
Saturday,reddit|fasting|Audio books|write diary|good meal|kaballah|walk|prayer|podcast|diet|News Update|meditation,Good
Thursday,reddit|fasting|Audio books|write diary|kaballah|walk|prayer|diet|meditation|Watching series,Good
Wednesday,reddit|fasting|Audio books|write diary|kaballah|songs|walk|prayer|podcast|diet|News Update|meditation|Watching series,Amazing
Monday,shower|reddit|fasting|Audio books|good meal|walk|diet|News Update|new things|meditation|Watching series,Good
Saturday,fasting|Audio books|good meal|walk|podcast|research|new things|meditation,Good
Friday,shower|reddit|fasting|good meal|gaming|travel|walk|prayer|News Update|meditation,Amazing
Thursday,fasting|power nap|good meal|gaming|walk|podcast|meditation|Watching series,Good
Thursday,reddit|writing|fasting|Audio books|designing|gaming|walk|podcast|News Update|meditation|Watching series,Good
Wednesday,Email|shower|reddit|fasting|good meal|gaming|walk|podcast|diet|News Update|meditation,Good
Tuesday,reddit|fasting|power nap|good meal|gaming|walk|News Update|meditation,Good
Monday,Email|reddit|fasting|write diary|gaming|penpal|reading|walk|podcast|meditation,Good
Friday,shower|reddit|fasting|Audio books|prayer|diet|News Update,Normal
Wednesday,fasting|write diary|gaming|News Update|meditation,Normal
Tuesday,reddit|Art|fasting|designing|News Update|meditation,Normal
Friday,shower|reddit|fasting|penpal|prayer|meditation|movies|Watching series,Good
Friday,Email|shower|reddit|fasting|Audio books|penpal|walk|prayer|podcast|diet|News Update|movies|Watching series,Normal
Thursday,shower|fasting|penpal|reading|podcast|prayer|diet|research|News Update|Watching series,Good
Wednesday,reddit|fasting|penpal|podcast|prayer|News Update,Good
Tuesday,family|fasting|Audio books|good meal|penpal|podcast|prayer|News Update,Good
Tuesday,fasting|Audio books|penpal|prayer|News Update,Good
Monday,Email|reddit|Audio books|power nap|designing|gaming|penpal|podcast|diet|News Update,Good
Saturday,Email|reddit|Audio books|designing|good meal|gaming|songs|podcast|diet|News Update,Awful
Friday,Email|shower|reddit|family|fasting|good meal|gaming|travel|penpal|walk|prayer|News Update|movies,Good
Wednesday,Email|reddit|Audio books|designing|good meal|walk|podcast|diet|News Update,Normal
Tuesday,Email|reddit|Audio books|designing|good meal|gaming|walk|podcast|diet|News Update,Good
Monday,shower|reddit|Audio books|designing|good meal|gaming|podcast|diet|News Update|Watching series,Good
Sunday,reddit|Audio books|designing|good meal|gaming|diet|News Update,Good
Saturday,reddit|fasting|penpal|podcast|diet|News Update,Normal
Friday,reddit|good meal|penpal|podcast|prayer|News Update,Normal
Friday,reddit|good meal|penpal|prayer|News Update,Normal
Thursday,shower|reddit|Audio books|write diary|penpal|podcast|meditation|Watching series,Good
Wednesday,reddit|designing|write diary|good meal|gaming|penpal|podcast|News Update|meditation,Good
Sunday,Email|power nap|designing|good meal|gaming|penpal|walk|News Update|Watching series,Good
Wednesday,reddit|good meal|gaming|podcast|News Update|Watching series,Normal
Tuesday,reddit|good meal|gaming|penpal|walk|podcast|News Update|movies,Good
Monday,Email|Audio books|good meal|gaming|penpal|walk|podcast|News Update|meditation,Normal
Sunday,Email|shower|reddit|cleaning|power nap|designing|good meal|gaming|walk|prayer|movies,Good
Saturday,good meal|gaming|penpal|walk|News Update,Amazing
Saturday,News Update,Normal
Friday,family|good meal|gaming|podcast|News Update,Bad
Thursday,good meal|gaming|podcast|News Update|meditation,Good
Wednesday,Email|reddit|good meal|gaming|podcast,Good
Monday,shower|reddit|gaming|penpal|walk|prayer|podcast|News Update|meditation,Good
Sunday,Audio books|good meal|gaming|penpal|walk|podcast|News Update|meditation,Good
Sunday,podcast|gaming|News Update,Good
Saturday,designing|good meal|gaming|penpal|walk|podcast|News Update|meditation,Good
Friday,good meal|gaming|podcast|prayer|News Update|movies,Normal
Friday,meditation|good meal|News Update,Good
Thursday,good meal|gaming|reading|walk|podcast|songs|News Update|meditation,Good
Wednesday,power nap|good meal|gaming|News Update|meditation,Good
Tuesday,shower|good meal|gaming|penpal|reading|podcast|diet|News Update|meditation,Normal
Sunday,gaming,Awful
Sunday,designing|good meal|penpal|reading|podcast|News Update|new things|meditation,Good
Saturday,family|Audio books|power nap|good meal|designing|gaming|penpal|friends|reading|podcast|songs|News Update|new things|meditation|movies,Good
Thursday,Email|Audio books|good meal|gaming|penpal|walk|podcast|News Update|meditation,Good
Wednesday,Audio books|designing|good meal|gaming|walk|podcast|News Update|new things|meditation,Good
Tuesday,designing|good meal|gaming|reading|News Update|meditation,Good
Monday,designing|good meal|News Update|meditation|movies,Good
Sunday,good meal|gaming|reading|News Update|meditation,Good
Saturday,reading|meditation|penpal,Good
Friday,shower|penpal|reading|prayer|News Update|meditation,Good
Thursday,News Update|good meal|gaming,Normal
Thursday,meditation|News Update|gaming,Good
Wednesday,shower|designing|good meal|gaming|penpal|podcast|News Update|meditation,Good
Monday,Email|Audio books|designing|podcast|diet|News Update|new things|meditation|jobs,Good
Sunday,party|Audio books|designing|good meal|gaming|podcast|diet|News Update,Good
Sunday,meditation|diet|News Update,Good
Saturday,Audio books|designing|good meal|gaming|podcast|News Update|Watching series,Good
Saturday,shower|Audio books|designing|good meal|penpal|News Update|meditation,Good
Friday,Email|Audio books|designing|good meal|reading|prayer|diet|News Update|new things|meditation|jobs|Watching series,Good
Thursday,Email|good meal|gaming|penpal|podcast|News Update|new things|meditation,Good
Wednesday,designing|good meal|gaming|walk|podcast|News Update|Watching series,Bad
Tuesday,Audio books|designing|News Update|new things|meditation,Good
Monday,Audio books|power nap|good meal|News Update|meditation,Amazing
Sunday,Audio books|walk|power nap|meditation,Good
Saturday,travel|Audio books|family|News Update,Awful
Saturday,Audio books|good meal|gaming|penpal|podcast|diet|News Update|meditation,Good
Friday,shower|Audio books|good meal|prayer|diet|News Update|new things|meditation,Good
Thursday,shower|Audio books|designing|good meal|gaming|travel|songs|walk,Good
Thursday,shower|designing|gaming|podcast|News Update|meditation,Good
Wednesday,Audio books|designing|repair|penpal|diet|News Update|new things|meditation,Good
Monday,shower|Audio books|designing|good meal|prayer|News Update|new things,Good
Monday,shower|Audio books|designing|good meal|gaming|penpal|News Update|meditation|Watching series,Amazing
Sunday,Email|Audio books|good meal|gaming|penpal|podcast|diet|News Update|meditation|Watching series,Normal
Friday,Audio books|meditation|prayer|News Update,Good
Thursday,fasting|Audio books|walk|News Update|meditation,Amazing
Wednesday,party|fasting|Audio books|good meal|gaming|travel|penpal|podcast|diet|News Update|meditation,Good
Tuesday,Email|cleaning|Audio books|gaming|penpal|podcast|diet|News Update|meditation,Good
Monday,shower|fasting|Audio books|designing|gaming|penpal|diet|News Update|meditation|jobs|Watching series,Good
Sunday,shower|Audio books|gaming|reading|podcast|prayer|diet|News Update|meditation|movies,Good
Saturday,Audio books|good meal|penpal|reading|diet|News Update|meditation,Good
Friday,shower|Audio books|gaming|penpal|prayer|News Update|Watching series,Good
Thursday,Email|Audio books|good meal|gaming|penpal|reading|podcast|News Update|meditation|Watching series,Good
Wednesday,Email|fasting|Audio books|good meal|penpal|podcast|News Update|meditation,Good
Tuesday,Audio books|reading|News Update|meditation|Watching series,Good
Tuesday,Audio books|reading|meditation|penpal,Good
Monday,good meal|penpal|reading|News Update|meditation|Watching series,Amazing
Sunday,power nap|good meal|gaming|reading|podcast|News Update|meditation|Watching series,Good
Saturday,Email|good meal|write diary|penpal|reading|meditation|movies|Watching series,Good
Friday,shower|reading|research|News Update|meditation,Normal
Thursday,reading|Audio books|movies,Good
Thursday,reading|meditation|good meal|News Update,Good
Wednesday,shower|good meal|penpal|reading|songs|News Update|meditation,Good
Tuesday,designing|good meal|penpal|reading|News Update|new things|meditation,Good
Monday,meditation|News Update|penpal,Good
Monday,Audio books|penpal|reading|diet|News Update|new things|meditation,Normal
Saturday,Email|Audio books|penpal|reading|walk|podcast|diet|News Update|new things|meditation|movies|jobs,Good
Friday,shower|cleaning|reading|prayer|diet|News Update|meditation,Good
Wednesday,cleaning|write diary|gaming|penpal|reading|podcast|diet|News Update|meditation|Watching series,Good
Tuesday,Audio books|gaming|penpal|reading|podcast|News Update|meditation|shopping,Good
Monday,fasting|penpal|reading|News Update|meditation,Good
Sunday,Email|shower|Audio books|power nap|write diary|gaming|penpal|reading|podcast|research|News Update|meditation,Good
Saturday,reading|meditation|News Update|penpal,Good
Friday,reading|meditation|News Update,Good
Thursday,Email|penpal|reading|walk|Watching series,Good
Thursday,meditation|penpal,Good
Thursday,News Update|penpal,Normal
Wednesday,shower|power nap|good meal|penpal|new things|Watching series,Good
Wednesday,penpal|diet|News Update|new things|meditation,Normal
Tuesday,power nap|penpal|walk|prayer|podcast,Normal
Tuesday,meditation|Exercise|podcast,Good
Monday,podcast|gaming|penpal,Good
Monday,power nap|songs|meditation,Normal
Sunday,new things|Audio books|prayer|penpal,Good
Sunday,meditation|News Update|penpal,Good
Saturday,new things|power nap|gaming,Good
Saturday,coding/cooking/tutorial|write diary|penpal|research|meditation,Good
Friday,coding/cooking/tutorial|good meal|penpal|meditation|Watching series,Good
Tuesday,Audio books|shower|good meal|News Update,Normal
Tuesday,prayer,Bad
Monday,Email|shower|Audio books|gaming|songs|walk|prayer|podcast|News Update|new things,Good
Sunday,News Update|gaming,Good
Sunday,News Update|penpal,Normal
Friday,News Update|podcast|prayer|gaming,Good
Thursday,News Update,Good
Thursday,gaming,Awful
Thursday,power nap|Audio books|News Update,Bad
Wednesday,gaming,Bad
Wednesday,gaming,Awful
Tuesday,News Update|gaming,Good
Tuesday,Watching series|good meal|gaming,Good
Tuesday,Audio books|gaming|penpal|podcast|News Update,Normal
Monday,songs|walk|gaming,Good
Monday,good meal|News Update,Normal
Monday,News Update|good meal|Watching series|penpal,Normal
Sunday,shower|family|good meal|gaming|travel|friends|penpal|walk|podcast|News Update|new things|Watching series,Amazing
Tuesday,podcast|good meal|diet|gaming,Awful
Monday,Audio books|podcast|diet|gaming,Good
Tuesday,phd|shower|good meal|gaming|jobs,Good
Saturday,gaming,Awful
Friday,fasting|gaming,Awful
Friday,fasting|meditation|prayer|shower,Awful
Thursday,Email|shower|good meal|gaming|diet|meditation,Good
Thursday,meditation|shower|diet,Good
Wednesday,meditation,Good
Tuesday,Email|shower|family|Audio books|gaming|reading|podcast|meditation|Watching series,Good
Saturday,Email|Audio books|songs|podcast|diet|Watching series,Good
Friday,Email|shower|Audio books|write diary|reading|prayer|diet|new things|meditation|movies|Watching series,Good
Thursday,meditation|write diary|cleaning,Good
Wednesday,shower,Normal
Tuesday,Email|party|Audio books|good meal|Watching series,Good
Tuesday,Email|shower|Audio books|write diary|reading|prayer|diet|new things|Watching series,Amazing
Tuesday,Email|Audio books|gaming|podcast|Watching series,Normal
Saturday,Email|fasting|Audio books|write diary|songs|diet,Good
Friday,prayer,Good
Friday,songs|gaming,Good
Wednesday,Watching series,Good
Tuesday,Watching series|gaming,Good
Sunday,movies,Bad
Friday,Watching series|movies|gaming,Good
Thursday,shower|fasting|power nap|gaming|prayer,Normal
Wednesday,Email|jobs,Normal
Tuesday,Audio books|prayer|gaming|shower,Good
Tuesday,shower|fasting|Audio books|gaming|reading,Good
Monday,gaming,Good
Sunday,Audio books|gaming,Good
Saturday,fasting|Audio books|prayer|gaming,Good
Saturday,meditation|shower|gaming,Good
Monday,Email|jobs,Amazing
Sunday,Email|fasting|gaming|podcast|prayer|jobs,Good
Sunday,Email|gaming,Good
Thursday,Email|jobs,Normal
Wednesday,fasting|prayer,Good
Wednesday,shower|fasting|Audio books|write diary|reading|podcast|diet|meditation,Good
Tuesday,Audio books|prayer,Good
Tuesday,fasting|gaming|podcast|prayer|meditation,Good
Monday,Email|fasting|Audio books|songs|walk|prayer|podcast,Good
Monday,Email|shower|fasting|Audio books|prayer|new things|meditation,Good
Thursday,Audio books,Good
Wednesday,Email,Good
Tuesday,prayer,Normal
Tuesday,Email|songs|prayer|shower,Good
Monday,podcast|Watching series,Good
Monday,Email|Audio books|gaming,Good
Sunday,Audio books|research,Normal
Saturday,Watching series|gaming,Normal
Friday,podcast|Watching series|gaming,Good
Friday,shower|prayer|diet|research|new things,Good
Thursday,Email|good meal|Watching series,Normal
Wednesday,gaming,Awful
Wednesday,Email,Awful
Tuesday,good meal|research|Watching series,Normal
Tuesday,reading|write diary|research,Bad
Monday,Email|shower|designing|good meal|podcast|meditation|Watching series,Good
Sunday,new things|good meal|write diary|Watching series,Good
Saturday,Email|good meal|Watching series,Good
Friday,gaming,Normal
Friday,Email|phd|good meal|jobs,Amazing
Thursday,Email|good meal|gaming,Good
Wednesday,Email|gaming|prayer|movies|Watching series,Good
Monday,Watching series|gaming,Good
Sunday,Email|good meal|research|jobs,Normal
Friday,gaming,Awful
Friday,power nap|shower,Good
Saturday,travel|good meal|gaming,Normal
Friday,prayer|good meal|gaming,Good
Wednesday,gaming,Awful
Tuesday,good meal|travel,Bad
Sunday,new things|shower|gaming,Good
Friday,shower|Audio books|prayer|diet|new things,Amazing
Thursday,prayer|shower,Good
Thursday,songs|meditation|good meal|gaming,Good
Wednesday,Audio books|write diary|songs|walk|new things|meditation,Good
Tuesday,shower|family|Audio books|good meal|write diary|gaming|jobs,Good
Tuesday,Email|research|gaming,Normal
Monday,gaming,Good
Saturday,Watching series,Good
Friday,travel,Amazing
Friday,Watching series,Good
Friday,gaming,Good
Thursday,gaming,Good
Thursday,Email|shower|good meal,Amazing
Wednesday,walk|meditation,Good
Tuesday,research|gaming,Bad
Monday,gaming,Amazing
Monday,Email|new things|prayer|Watching series,Amazing
Sunday,shower|gaming|research|new things|meditation,Good
Saturday,movies,Normal
Friday,gaming,Good
Friday,Email|shower|cleaning|good meal|travel,Good
Wednesday,Email|gaming,Good
Wednesday,Email,Good
Sunday,Watching series|gaming,Good
Saturday,coding/cooking/tutorial,Good
Saturday,power nap|cleaning,Normal
Friday,walk,Normal
Thursday,Watching series|coding/cooking/tutorial|gaming,Good
Thursday,power nap|walk|Watching series,Good
Wednesday,power nap|research|Watching series,Bad
Wednesday,gaming,Bad
Tuesday,Email|gaming,Normal
Monday,gaming,Awful
Monday,gaming,Good
Monday,gaming,Awful
Sunday,gaming,Amazing
Sunday,power nap|gaming,Good
Saturday,gaming,Good
Saturday,Email|new things|phd|research,Amazing
Saturday,power nap|prayer,Good
Friday,Email|phd|movies|research,Good
Friday,power nap,Good
Thursday,gaming,Bad
Thursday,shower|good meal|diet,Normal
Thursday,power nap|good meal|gaming,Normal
Wednesday,power nap|prayer,Good
Tuesday,movies|good meal|diet|gaming,Good
Monday,Email|gaming|cleaning,Amazing
Monday,power nap,Good
Sunday,movies|gaming,Amazing
Sunday,power nap|good meal|friends|songs|walk|prayer|movies,Good
Saturday,Watching series|prayer|good meal|gaming,Good
Saturday,power nap|prayer,Bad
Thursday,power nap|shower|movies|Watching series,Normal
Wednesday,power nap,Normal
Wednesday,power nap|Watching series,Good
Tuesday,Audio books|walk|Watching series|gaming,Normal
Tuesday,power nap|prayer|Watching series,Normal
Monday,Watching series|gaming|designing,Good
Monday,Audio books|walk|Watching series,Good
Sunday,gaming,Good
Sunday,shower|power nap|good meal|write diary|gaming|prayer|research,Good
Saturday,songs|power nap|research|designing,Good
Saturday,travel|walk|gaming|meditation,Good
Saturday,prayer,Good
Friday,family|shower|good meal|gaming|prayer,Normal
Thursday,power nap,Normal
Thursday,fasting|prayer|gaming,Normal
Wednesday,songs|walk,Awful
Wednesday,research|gaming,Awful
Wednesday,gaming,Awful
Wednesday,prayer|diet,Awful
Tuesday,Email|family|gaming,Awful
Tuesday,Email|good meal,Awful
Tuesday,Email|walk|travel|meditation,Normal
Monday,Email|family|gaming|songs|new things,Awful
Monday,songs|gaming,Good
Monday,gaming,Amazing
Sunday,shower|good meal|gaming|walk|prayer|meditation,Good
Sunday,fasting|gaming|diet|new things|meditation,Good
Sunday,power nap|gaming,Normal
Saturday,Audio books|good meal|travel|reading|walk|songs|research,Amazing
Saturday,gaming,Awful
Saturday,Email|write diary|research|gaming,Good
Friday,Audio books|songs|walk|Email,Good
Friday,new things|prayer|research|travel,Normal
Friday,gaming,Normal
Thursday,Audio books|walk|travel,Amazing
Thursday,Email|good meal|shopping,Good
Thursday,Email|reading|research|travel,Good
Wednesday,hospital|good meal|travel|diet|research,Normal
Wednesday,family|hospital|Audio books|walk|research,Bad
Wednesday,family|hospital|travel|gaming|Watching series,Good
Wednesday,fasting|power nap|prayer|gaming,Awful
Tuesday,family|gaming,Bad
Tuesday,fasting|good meal|gaming|diet|Watching series,Normal
Tuesday,hospital|fasting|travel|walk|meditation,Bad
Monday,prayer|Watching series,Normal
Monday,shower|power nap|good meal|reading|diet|new things,Amazing
Monday,fasting|walk|meditation,Good
Sunday,Audio books|write diary|good meal|walk|new things|meditation,Good
Sunday,meditation|research,Normal
Sunday,movies|prayer|good meal,Good
Saturday,write diary|shopping|gaming,Awful
Saturday,Audio books|travel|gaming|walk|research|new things|meditation,Normal
